id,actor,action,target,timestamp
9a3adf91-51e0-4d70-aeb8-98ba3f6634d9,regulator_token::DL-05,report.status_changed,9a4dadfe-a329-447c-a7a2-e722e6877e60,2026-03-08T12:53:13
8947beab-e25e-403b-b95b-199158557f90,regulator_token::MH-02,dispute.status_changed,e442ed74-18b2-41b0-8d1d-e3abe623384c,2026-04-27T12:41:55
13cb9cdc-54b5-4773-b7bf-4e678850e4f2,regulator_token::DL-05,report.status_changed,859e02c5-23cb-4993-8c72-89e54acb303f,2026-07-18T12:12:29
eaf2f01b-765b-456c-85d3-858afccabdfa,regulator_token::system,regulator.login,n/a,2026-05-17T13:02:13
5d833a3d-4494-4af7-961d-a4ab7dcc3b28,regulator_token::system,report.status_changed,5c72fa47-e45f-4d8c-b2cb-96d647fd6195,2026-03-31T21:47:45
a53d0991-000f-4062-a2e4-e883d342eab2,regulator_token::DL-05,regulator.login,n/a,2025-11-22T12:32:44
bb9e4132-d170-4cc1-a5c0-d86fead8313e,regulator_token::DL-05,report.status_changed,4fb52be7-c559-4a8b-95cb-72be6babd7d1,2026-08-04T20:19:33
dcb87fcb-58e5-4229-b978-7d60f13353b0,regulator_token::DL-05,regulator.login,8164fa37-4283-4831-bce3-049b587f394b,2026-03-26T19:44:10
9a6d9d9b-8b15-48d8-b45f-456f4e57a6a7,regulator_token::KL-06,report.status_changed,3f9ec243-d457-453b-bdd0-de919d347fde,2025-12-30T14:24:30
9811edf9-5ff2-40ca-86b7-e3a997dd4d1a,regulator_token::DL-05,regulator.verdict_reviewed,8a706165-004b-494f-9e64-722cbc972120,2026-01-06T16:30:38
622647e9-4079-4ce0-b1c5-1297eea60702,regulator_token::KL-06,report.status_changed,1d2b42ca-69a1-487b-992c-36cf87a1a017,2026-08-08T15:48:34
83e72787-a647-4b64-93ef-0ec1f1d66944,regulator_token::system,regulator.verdict_reviewed,n/a,2026-01-19T15:22:06
fa1bdf9c-1797-4e82-b899-8e23ad6638bc,regulator_token::GJ-04,dispute.status_changed,5468c5d8-4a2f-4902-824f-a29d786ac4ac,2026-07-13T07:16:25
0625c793-f978-43db-9c76-1862ad660e5b,regulator_token::TN-03,dispute.status_changed,98602baf-977e-4659-8dbc-de8c3dc47910,2026-03-25T11:19:31
67efae28-6aa8-4e53-bf86-db00a4919142,regulator_token::KL-06,regulator.verdict_reviewed,f1c75b18-b6df-4cfb-a190-d99d03baef99,2026-05-19T13:37:15
7d7f2131-9519-46a3-bca7-bb47378bef88,regulator_token::MH-02,report.status_changed,91bb226d-848a-4c23-b0a6-f3e50fc6e830,2025-12-02T17:08:48
e5fccde5-f1de-4f71-a89c-c6890ab6f373,regulator_token::GJ-04,report.status_changed,71ad5c7f-c983-423e-9c6a-82572d71fcc4,2026-08-17T03:37:20
2e5eb4dc-d5c3-4acc-b4cb-149ab46c5023,regulator_token::TN-03,dispute.status_changed,11d3ad2c-401a-41f6-aab3-f42854951460,2026-06-17T13:02:11
04849baa-3089-4f9c-872e-1a244bc587f6,regulator_token::KL-06,dispute.status_changed,1c953e45-6b96-45a1-bc7d-6b5191aca028,2026-09-14T09:04:52
0841d399-54cd-43d5-8216-f2e561489b80,regulator_token::TN-03,regulator.login,n/a,2026-06-02T08:11:48
26eee1d6-49f3-4bde-9a70-6fc4ad6d02bb,regulator_token::DL-05,report.status_changed,9bcfd7cc-87d1-4fd2-b5fa-55cee8da6809,2025-12-26T13:19:27
88a163de-483f-41c7-81df-b651ef268e05,regulator_token::TN-03,report.status_changed,c24f04a7-9b57-4fa0-b6da-a760c7c43dc0,2026-05-26T14:54:23
00f81521-f13d-49eb-94b2-e07972ec9fdb,regulator_token::system,regulator.verdict_reviewed,0141b17f-a9e4-4c79-b2ee-01d0af737795,2026-02-08T17:33:34
09b0bb23-35c1-49db-9abb-50513824065f,regulator_token::GJ-04,regulator.login,99a81dac-9d2c-4c6b-8a61-20e519c44840,2026-04-21T19:16:32
053da506-e69e-4835-89c5-05cb3142813b,regulator_token::DL-05,report.status_changed,a31848ee-f8a0-4f3b-86fa-81e393e5ab1d,2026-02-01T11:57:49
16597f72-dc71-4fe3-8a52-b307eeef56e6,regulator_token::DL-05,report.status_changed,aca0a4b4-1907-4d2f-9a9e-98d66f4c5ba0,2026-02-02T09:25:03
209916e8-0cae-4d9b-aab2-fe53609de5ab,regulator_token::KL-06,report.status_changed,5490dc21-27d2-4490-915e-1f27a1275c0b,2026-07-22T11:37:04
338bbd26-4bb1-4644-aa64-2645649c54d0,regulator_token::system,regulator.verdict_reviewed,552d03fa-201b-41ec-865a-895e37ff3887,2026-01-25T13:06:06
4e1ee3e1-3422-4455-b2a3-55868cfe3d6e,regulator_token::DL-05,report.status_changed,a3b14f02-d9e0-4072-963b-eae3a6326b66,2026-03-02T14:27:25
6939f0ca-2e88-415e-9030-c26a6fa7fdb7,regulator_token::DL-05,report.status_changed,1d2b42ca-69a1-487b-992c-36cf87a1a017,2026-08-27T09:45:35
1a83b750-0c31-4db7-947e-c9fdadf05791,regulator_token::MH-02,dispute.status_changed,52e74d44-ae13-4e83-895a-adae031e1761,2026-01-01T17:10:17
04a374a8-1c93-4fa5-8982-3b983f6bd274,regulator_token::KL-06,report.status_changed,1a970c28-a9d6-4169-9ff0-6a73cbbc16d9,2026-01-10T14:32:40
be01c245-e764-46ff-9895-f11e62e48488,regulator_token::DL-05,dispute.status_changed,a8b22acb-1ccb-4ff0-a16b-6df6fc5058dd,2026-07-15T11:30:44
b85c96b7-d302-48dc-b20f-5d1307c747ac,regulator_token::KL-06,report.status_changed,f6767bc4-7d2a-49a2-855e-bc28fa90dae2,2026-04-18T10:04:16
1620d884-d192-4e45-8c18-98d16888c191,regulator_token::KL-06,dispute.status_changed,877bef17-08da-4f34-9d8d-cac83fa453a7,2026-04-16T08:37:17
c35616bc-7780-4698-87b4-669a6c253c9f,regulator_token::TN-03,regulator.login,e02a9c18-6362-4935-a3a5-d149a89ec4ce,2025-12-25T13:32:13
45d3eab3-3321-4891-b173-55c84e4909ed,regulator_token::KA-01,regulator.verdict_reviewed,0ea90ce1-d4e7-42be-b48f-8536f62c972f,2026-07-02T11:10:29
4a5d4f46-b6ac-4ac5-8817-8f7e43aefe64,regulator_token::system,dispute.status_changed,89cd0e92-a226-43fa-9f1c-d47415ab1d9b,2026-08-28T20:36:03
cf0782c4-93c5-479e-81bc-82a72e550ebb,regulator_token::MH-02,dispute.status_changed,639f428e-90cf-471b-afe8-b469a2d78403,2025-12-26T20:14:58
b0432c0b-7582-4de6-bbff-94969c424cdd,regulator_token::GJ-04,report.status_changed,fc48570a-027c-4b82-875e-b647f7e40bca,2025-12-16T11:37:39
183e4c64-3a70-4b80-a1b7-ef800c27364e,regulator_token::TN-03,regulator.login,3b77c799-a5bf-4c30-8ada-d3fd36b654aa,2026-06-01T16:42:13
3f8648e3-3516-4dd1-8902-4730107439b9,regulator_token::DL-05,regulator.verdict_reviewed,n/a,2026-09-15T17:56:51
78538195-210b-4359-9111-a9e7b19772a9,regulator_token::TN-03,regulator.verdict_reviewed,18ccfc7a-7499-47ff-97a9-37952793606f,2026-01-30T16:34:40
43d5daeb-270b-46b2-9c19-31f5ece9aa17,regulator_token::TN-03,regulator.verdict_reviewed,8d4798d3-968c-494e-a32a-e4df8c5814d3,2025-11-24T09:10:07
626a32e6-c426-4460-948e-74ca866ee9bd,regulator_token::KA-01,dispute.status_changed,60cb2bea-18b8-4fce-867a-aa4368ae88ea,2026-08-07T07:43:01
5d993d02-e006-4bb8-9e79-e5d91062eaaa,regulator_token::TN-03,regulator.verdict_reviewed,c296fb3d-edd9-442a-94bb-04f1d908fb4c,2026-04-20T11:15:30
aa39c3e9-2c7c-41c7-9655-83411b35a0a3,regulator_token::KL-06,report.status_changed,c3b2d72c-fe26-48a4-a9c6-0ea735732978,2026-08-21T10:37:32
3b28a197-d17a-46a4-9245-7e68f8d2bdf3,regulator_token::DL-05,regulator.verdict_reviewed,8e64adb7-524c-4bdc-9a62-254e038e5a0a,2026-05-24T17:33:50
37b93073-bb90-4e83-b91b-ed4a137b875c,regulator_token::KA-01,report.status_changed,f4bd7d37-6bd2-4bd1-b306-0f3a2e091450,2025-12-06T00:49:55
2af18c6b-2488-4d56-8921-ea987e00b849,regulator_token::TN-03,report.status_changed,8efb0738-6260-4560-9ef5-61d9973fc5e6,2026-06-03T19:08:30
cdba4bdf-b64f-4e83-80cb-f79bd5877ed4,regulator_token::KA-01,dispute.status_changed,d69522f5-c326-4dd8-9a48-f55117a979fc,2026-05-31T13:18:11
69bdc318-545c-4223-af4b-0f6bbbb10d57,regulator_token::TN-03,dispute.status_changed,7f5532c1-41ee-4b58-a16a-1aa1ed7629f5,2026-09-06T07:10:09
f016848a-4029-4e1f-8be0-90a4715b7d2c,regulator_token::GJ-04,report.status_changed,f7d2d1e5-77c2-4f1e-a66d-9e0378ca5f3d,2026-03-08T13:44:25
951faca7-c352-4cf1-89ef-d6fe395518b0,regulator_token::TN-03,dispute.status_changed,228d6adf-4ac9-4ff6-9396-caf4c0c5de26,2026-04-01T11:52:02
44dbbb0f-f2a5-4843-9409-3bff8e3c665a,regulator_token::TN-03,report.status_changed,606ca13c-dd8d-4c4f-9a6a-5f49b9f2c553,2026-03-12T12:27:32
ee5e3b7e-ac92-40f0-86e5-787d419d3fcb,regulator_token::system,dispute.status_changed,7f5532c1-41ee-4b58-a16a-1aa1ed7629f5,2026-06-07T10:18:17
9354051f-7515-437a-86a1-cea7cdcefd8f,regulator_token::KA-01,report.status_changed,561da22e-99bb-44e4-8e00-7ce9ee38c600,2026-04-09T18:56:45
4f9565ee-8704-4d90-be1b-db3502090686,regulator_token::KL-06,dispute.status_changed,228d6adf-4ac9-4ff6-9396-caf4c0c5de26,2026-05-06T11:28:57
dd881308-f781-430c-bdca-ea8a201d129e,regulator_token::GJ-04,regulator.login,n/a,2025-12-22T08:38:45
5fe6c243-62c5-4c6a-b713-d109b81cbcf0,regulator_token::GJ-04,dispute.status_changed,d8563887-5f4a-4476-b046-ed092fd4ccf8,2026-07-09T15:24:14
a0b60468-7002-4ca0-b035-3fdde382b535,regulator_token::DL-05,report.status_changed,a2ccaf72-b59e-46fc-b7df-91a409c73dae,2026-09-18T12:17:55
5e9a4654-f830-4827-94e0-95e3baab8139,regulator_token::system,dispute.status_changed,6bd2948d-f36e-46ee-be78-42253b5693b9,2026-03-14T15:40:16
1b9fa9c5-d2b9-4a71-9bc0-7873979363dc,regulator_token::MH-02,report.status_changed,87010a73-ecea-47be-9b6a-345b780bd4c5,2026-04-27T09:28:43
88e50d44-a9e8-4a04-8d95-3ee5662d58eb,regulator_token::TN-03,report.status_changed,e6bbfbec-17c5-4b82-86da-346b2d6d13bb,2025-11-26T13:40:40
4699e29f-05ce-4f6e-8cd6-73c215f025c2,regulator_token::DL-05,regulator.verdict_reviewed,n/a,2026-05-26T16:25:58
e3b931a5-f56f-4b9e-8f02-8ae0ffcb987c,regulator_token::system,regulator.login,e3b8ea91-cd26-485c-800f-9b304e256f36,2026-03-02T14:50:45
b357b2d1-4f2d-4d11-8312-e88496ad25a4,regulator_token::KA-01,dispute.status_changed,a8b22acb-1ccb-4ff0-a16b-6df6fc5058dd,2026-01-20T07:07:15
e6fe1dc4-2855-4291-b39d-b895e9aa6742,regulator_token::system,report.status_changed,3069f0d2-ee48-4f0e-8b64-668d236f1e02,2026-03-04T09:12:15
fef237e3-a142-4692-be60-eebbadd76dc1,regulator_token::MH-02,report.status_changed,5c72fa47-e45f-4d8c-b2cb-96d647fd6195,2026-05-03T10:17:58
cc654327-d7b9-435f-b5ae-f8e4cce43776,regulator_token::MH-02,dispute.status_changed,7a68c755-2bb8-4e24-b366-926689324973,2026-07-23T18:11:45
02b4c474-4096-4d59-bcec-45c9c4f09dde,regulator_token::GJ-04,report.status_changed,65981fae-2733-4ae2-8b82-3d44037b5c26,2026-02-02T14:46:06
4010b271-791e-4fdb-b2f3-e829802eec70,regulator_token::KA-01,regulator.verdict_reviewed,n/a,2026-02-11T15:11:08
06a4bf7f-101c-45e1-b304-7bd937f05356,regulator_token::GJ-04,dispute.status_changed,7a68c755-2bb8-4e24-b366-926689324973,2026-04-28T11:08:42
c5416dbd-4f15-4833-9734-de0507efb181,regulator_token::KA-01,report.status_changed,f7d2d1e5-77c2-4f1e-a66d-9e0378ca5f3d,2026-01-20T16:43:01
55bebc14-d5b4-4ddf-8f9f-2fdeb82f8750,regulator_token::system,dispute.status_changed,6bd2948d-f36e-46ee-be78-42253b5693b9,2026-06-16T18:50:17
ed4252ac-7e33-4510-8f05-ad856ab33f59,regulator_token::GJ-04,dispute.status_changed,6bd2948d-f36e-46ee-be78-42253b5693b9,2026-07-28T09:16:12
659a7206-19e6-4ee0-8a98-b723882ed808,regulator_token::system,report.status_changed,859e02c5-23cb-4993-8c72-89e54acb303f,2026-07-10T17:56:01
4400d2e8-7884-4485-ac4e-ee5dae500329,regulator_token::system,regulator.login,n/a,2025-11-26T18:15:47
bdb3cfa0-ec5d-4130-aa55-a72704f156af,regulator_token::GJ-04,regulator.verdict_reviewed,8e8e43c2-c054-4bd9-aa38-f7194a639195,2025-11-26T03:54:39
abf5982b-4b84-4733-aa03-fa707613050a,regulator_token::DL-05,report.status_changed,300041d1-1b93-4370-b923-03283443524f,2026-05-30T11:54:41
1faf986e-6aa7-4fb0-a169-11085609ef72,regulator_token::KL-06,dispute.status_changed,a8b22acb-1ccb-4ff0-a16b-6df6fc5058dd,2026-01-10T21:46:25
241a4659-39e3-4b15-9713-e71c2c9a5337,regulator_token::TN-03,dispute.status_changed,f2582ca3-47cd-41c3-b948-274aa1f55a49,2026-06-27T03:46:41
1f372eb8-a76a-4701-a81d-6c1e3dcb79d6,regulator_token::KL-06,dispute.status_changed,bbaa08a9-6468-44a7-a511-048f9110e132,2026-06-30T18:03:34
da6227a6-0381-4d71-aa8f-d6b57d40d9a1,regulator_token::KA-01,report.status_changed,f6767bc4-7d2a-49a2-855e-bc28fa90dae2,2026-04-10T11:13:05
0d29fa32-88b2-4079-862a-7504c45f589c,regulator_token::MH-02,regulator.verdict_reviewed,n/a,2026-01-24T14:32:42
6214eb70-8970-4906-acd6-2252ec17beb5,regulator_token::DL-05,report.status_changed,b4714cd0-5306-4a43-97d9-832d4b59b43a,2025-12-21T17:56:13
639e70fe-46bb-4ff7-aefa-33ae90d0029f,regulator_token::KA-01,dispute.status_changed,52e74d44-ae13-4e83-895a-adae031e1761,2026-06-23T16:58:40
6eacb330-e476-468d-8009-92033fd6424a,regulator_token::GJ-04,dispute.status_changed,5f43343f-df5c-4640-b217-054b02843e63,2026-03-22T11:57:18
5c9650fe-678c-491e-9c02-3d8c8b47c3ed,regulator_token::DL-05,dispute.status_changed,992e7a30-558f-41d9-906b-e2d51239c990,2026-05-16T13:06:22
70cd2662-a1e2-4ed8-8cec-ba0fe811881d,regulator_token::MH-02,dispute.status_changed,d8563887-5f4a-4476-b046-ed092fd4ccf8,2026-06-29T07:27:29
eb8f1a36-4e0f-4569-a9b4-bfd01e6ac8d8,regulator_token::GJ-04,dispute.status_changed,a8b22acb-1ccb-4ff0-a16b-6df6fc5058dd,2026-09-05T08:50:49
8b2d18e6-f745-437e-9192-a150adebbcbc,regulator_token::KA-01,report.status_changed,a2ccaf72-b59e-46fc-b7df-91a409c73dae,2025-11-24T22:45:42
2bbb23e9-5bbe-4274-ac67-c6c4f5504310,regulator_token::KA-01,regulator.verdict_reviewed,9e93473a-315f-4efa-aad5-5ea3ac213b2c,2026-06-26T11:23:23
89088af0-5ace-4f24-92ea-7184d9820913,regulator_token::GJ-04,report.status_changed,31463c2c-be66-4f5a-9e2b-4ad244077c43,2026-08-20T12:59:51
4565bd90-0953-4039-a83f-b1fae16145a6,regulator_token::TN-03,report.status_changed,d6e463f8-0724-4bfa-8110-a1ed9e857d61,2026-04-27T08:40:46
a63da15c-248b-4291-b5c6-ff120a573a99,regulator_token::KL-06,dispute.status_changed,a8b22acb-1ccb-4ff0-a16b-6df6fc5058dd,2026-01-23T20:15:28
69ac8f24-3ee4-49a1-8294-7692aa83331a,regulator_token::GJ-04,report.status_changed,8d4798d3-968c-494e-a32a-e4df8c5814d3,2026-03-24T11:32:14
0d7e4edb-3d2e-4c76-b2a9-e13cdcfe7156,regulator_token::MH-02,report.status_changed,b32feab1-e6bb-433e-87cb-3da5b0628824,2026-09-10T05:09:55
421a82a4-083a-4226-8c32-e0b2f162be2e,regulator_token::MH-02,dispute.status_changed,98602baf-977e-4659-8dbc-de8c3dc47910,2026-06-15T20:48:24
b850a28a-91c5-4ead-8ed0-9dd15d794a5d,regulator_token::TN-03,report.status_changed,a503e78b-fd1a-424d-9016-c865044b0c87,2026-09-12T17:49:34
100576c1-9769-4539-8ee5-3288357520c2,regulator_token::DL-05,dispute.status_changed,11d3ad2c-401a-41f6-aab3-f42854951460,2026-02-01T07:47:00
85b5779b-acc6-4bc9-8c72-12d4dd0c1774,regulator_token::DL-05,report.status_changed,5a4b4398-e89b-46d3-a8a3-ed6331c49ce7,2026-08-05T07:27:41
1521bd69-908a-4251-a808-dcb4b5512a1d,regulator_token::MH-02,regulator.login,n/a,2026-02-11T15:05:41
fef7c785-da8c-44bd-8ac3-eaeb06580490,regulator_token::DL-05,dispute.status_changed,60cb2bea-18b8-4fce-867a-aa4368ae88ea,2026-08-20T16:33:52
e127d498-145a-424f-a9e6-0ecc54f0d8fa,regulator_token::MH-02,regulator.login,8e8e43c2-c054-4bd9-aa38-f7194a639195,2026-08-24T12:52:42
58ecb082-feba-4e1e-938d-9af3ee97c205,regulator_token::GJ-04,regulator.verdict_reviewed,1c9b9310-48b0-431d-b2c5-41b555b27225,2026-05-21T08:37:49
8a5dc8ef-258b-46bc-b987-77c6fc2c350f,regulator_token::GJ-04,regulator.verdict_reviewed,n/a,2026-05-18T14:30:30
acba0b02-24af-4b2d-a8f2-6ccd220a3aac,regulator_token::GJ-04,dispute.status_changed,dc5f0f40-6dac-45ad-9730-91489c12fa0b,2026-08-31T19:23:23
8429d88d-cc36-4deb-ae9a-ed9ceeddcb3c,regulator_token::KL-06,dispute.status_changed,6bd2948d-f36e-46ee-be78-42253b5693b9,2026-07-04T07:08:46
e9567f51-f580-4d21-a31c-9569e8dc7e61,regulator_token::DL-05,regulator.verdict_reviewed,4c4a949f-57d7-4dc5-99cb-69934a9f9819,2026-01-27T00:37:27
02dde8e3-e4b8-4def-af56-a2ae00c32fdf,regulator_token::DL-05,regulator.verdict_reviewed,n/a,2025-12-19T16:19:40
562846da-c8d2-4fe4-b58f-2534483c2580,regulator_token::GJ-04,report.status_changed,18ccfc7a-7499-47ff-97a9-37952793606f,2026-04-12T13:25:30
42666f2b-62b5-4541-81ea-6780e136828a,regulator_token::GJ-04,regulator.login,7f60d0fb-bdd5-4b10-a2a3-8d2e3c19bea3,2025-11-27T10:31:51
30cc3d41-3e9d-4180-b57f-4b8a85996337,regulator_token::KL-06,regulator.login,n/a,2026-02-02T16:18:13
b5ca6c9e-3ded-4e59-b5b9-2ac869bf25c3,regulator_token::MH-02,report.status_changed,c296fb3d-edd9-442a-94bb-04f1d908fb4c,2026-02-26T17:51:23
d78955e5-5fde-41bb-b4da-adfd0b5bbf91,regulator_token::KL-06,report.status_changed,a68d3198-560b-4172-b5a0-f276ebfbaa19,2026-09-01T15:10:45
36070cac-1311-4175-84f3-bfdae91a6dd4,regulator_token::TN-03,dispute.status_changed,992e7a30-558f-41d9-906b-e2d51239c990,2026-01-27T21:33:25
4e8f9015-d2f9-4109-b5f0-acd2f75f393f,regulator_token::system,dispute.status_changed,d69522f5-c326-4dd8-9a48-f55117a979fc,2025-12-04T14:10:31
03e6328a-7ff6-4b86-b0b0-2abefb87957d,regulator_token::DL-05,dispute.status_changed,e006f815-a447-4928-b764-a70de256133e,2026-07-18T10:09:34
1e805087-f91f-4db2-b435-c6cc14932347,regulator_token::DL-05,dispute.status_changed,7f5532c1-41ee-4b58-a16a-1aa1ed7629f5,2026-08-19T13:19:15
fa6c7bf9-2f3d-4d54-9e69-f6df48da9b0d,regulator_token::MH-02,dispute.status_changed,92ca9269-f5d6-4597-a5d9-c5dfa7d9be57,2026-03-26T20:49:19
c4a8d71c-1c15-4418-b6fe-668009f317d2,regulator_token::MH-02,regulator.login,b4714cd0-5306-4a43-97d9-832d4b59b43a,2026-09-13T08:45:29
397448ba-b953-4e40-aebb-88ce4ed8df12,regulator_token::KL-06,regulator.verdict_reviewed,5316603a-285a-43e0-8b8b-691b067880ff,2026-07-10T14:34:02
7b0bc8b4-0d2e-4775-85e8-bcff8abf4a82,regulator_token::MH-02,regulator.login,n/a,2026-08-07T19:14:09
799adf3e-6eba-4f00-8d98-00a8dc0c9883,regulator_token::GJ-04,report.status_changed,7054f7f2-f91e-42cc-86c9-d8ffddb0902c,2026-03-15T17:33:03
a0f5cc19-ef60-4844-9a91-e03eed406020,regulator_token::KA-01,report.status_changed,5a4b4398-e89b-46d3-a8a3-ed6331c49ce7,2025-12-15T10:51:28
95518b69-5c1d-4582-8220-3f83fb2559e7,regulator_token::KA-01,regulator.verdict_reviewed,n/a,2026-07-27T12:02:50
6260f2ab-70bc-499f-9125-61e99271b0e2,regulator_token::DL-05,report.status_changed,b4714cd0-5306-4a43-97d9-832d4b59b43a,2026-08-06T12:30:42
5db5258f-9324-4d78-8639-8b91f7e998e8,regulator_token::system,report.status_changed,6bf08a6b-2052-471d-a6c7-47b7d19a8b2e,2025-11-29T10:04:06
773775ba-b0ec-45af-9616-382547030398,regulator_token::KA-01,regulator.verdict_reviewed,3069f0d2-ee48-4f0e-8b64-668d236f1e02,2026-06-03T11:29:24
7884935c-2e6d-42c4-9a1f-90abbd96a334,regulator_token::TN-03,regulator.verdict_reviewed,n/a,2026-01-10T13:03:57
59e1611f-1f75-4f71-87fa-84fcc14fe72b,regulator_token::TN-03,dispute.status_changed,c10c5524-47db-4f33-bd1c-06b9a286469b,2025-12-20T14:49:52
b4f68682-91ae-48d3-ab8f-834c86fde5a3,regulator_token::TN-03,dispute.status_changed,d47b13fc-4163-4010-a890-c1f646c71d74,2026-09-15T13:43:30
e4479d1a-4379-4881-a64e-ca7a33a07a8b,regulator_token::KL-06,regulator.verdict_reviewed,n/a,2026-03-31T14:50:37
bf12b46c-205a-436d-9f0c-6f43a6a3c941,regulator_token::system,report.status_changed,3a828a5e-bd7b-4581-b9bd-e786bbf19cf6,2026-04-24T10:37:28
6f2813f5-f67f-4fb9-bc51-e3e72cf5c863,regulator_token::TN-03,dispute.status_changed,f2582ca3-47cd-41c3-b948-274aa1f55a49,2025-11-26T17:02:10
604c962b-4c47-4cd6-b363-8a96f8eccc91,regulator_token::MH-02,report.status_changed,458505b2-d9f5-455e-9938-c95ff76bde90,2026-08-12T07:59:31
e73e312a-ea34-41d2-8b2c-dd365abd9b65,regulator_token::system,report.status_changed,f0a00b37-0095-44d4-ada8-10d840d1c071,2025-12-27T17:03:54
491e9bf3-ceca-4cbd-a7ee-3d7731196be2,regulator_token::GJ-04,dispute.status_changed,05584c27-c73b-4105-9437-7a6fdcf7e498,2025-12-17T10:43:42
d27acda2-3761-40db-adbb-14d13109a385,regulator_token::KA-01,report.status_changed,e3f55f7f-4892-46b4-9d0d-7290e6d057be,2026-05-31T23:41:51
aa7c353e-4801-40a1-b383-d9ec656ae6f9,regulator_token::GJ-04,dispute.status_changed,b34884a5-1723-4d16-81db-54a058ed76ae,2026-09-04T09:42:26
a8ea2351-245e-43f9-87c5-73b5df002abd,regulator_token::DL-05,report.status_changed,03cbc34c-02cf-4ec7-8a4d-8fef4e1c1289,2026-08-20T09:27:21
06302d34-2823-402d-8381-65a6c405b8d7,regulator_token::KL-06,report.status_changed,8d4798d3-968c-494e-a32a-e4df8c5814d3,2025-12-09T16:53:39
e0d50fc1-2074-449e-bd4a-e2a71b617772,regulator_token::DL-05,report.status_changed,f4df8669-3603-48ee-9dc7-2627dca5bcea,2026-03-06T09:35:40
79bd7be5-becc-4c1f-baae-81b1aada72c7,regulator_token::KL-06,regulator.verdict_reviewed,n/a,2026-08-07T20:44:47
af3c54a3-9f03-44b2-b686-6c4d81c9ba6b,regulator_token::GJ-04,regulator.login,00878577-5609-4f2b-88d1-2b97fe2367cd,2026-04-02T09:16:32
9c799e8f-4b0e-451e-83e8-55b4ce7e0bac,regulator_token::KL-06,dispute.status_changed,89cd0e92-a226-43fa-9f1c-d47415ab1d9b,2026-02-16T13:29:33
82624cdc-c68e-4dce-b3aa-731078452031,regulator_token::MH-02,dispute.status_changed,d47b13fc-4163-4010-a890-c1f646c71d74,2026-06-26T11:50:25
a10e12ed-8d82-45a4-a8fb-b89e69fe4472,regulator_token::MH-02,dispute.status_changed,7f5532c1-41ee-4b58-a16a-1aa1ed7629f5,2026-04-17T06:36:00
bb46e47e-756d-468b-b345-fd12d7e12970,regulator_token::MH-02,regulator.login,3bdc5d9a-3127-47eb-8c70-d474cbdea25d,2026-01-07T13:27:00
1ff3927b-99d2-4bae-9ca2-4bc41bdcda10,regulator_token::MH-02,dispute.status_changed,d47b13fc-4163-4010-a890-c1f646c71d74,2026-03-31T12:12:01
b7f0cf42-b6af-43e8-ba5d-9853191e0fc2,regulator_token::MH-02,regulator.login,n/a,2026-09-13T08:28:49
8edc7ce0-f873-4940-a595-3b9f6c6d6994,regulator_token::DL-05,dispute.status_changed,52e74d44-ae13-4e83-895a-adae031e1761,2026-08-19T15:56:50
faa05b70-30b1-4156-9c53-ed819a1d2ba4,regulator_token::system,regulator.login,fec94e02-0a23-429a-b28d-83fdb4de37cf,2026-09-13T08:03:06
d55ac8b0-6493-4870-9458-d44793231c61,regulator_token::KA-01,report.status_changed,5bd6ddb0-99d0-4b94-8876-b0aea0019606,2026-02-04T20:18:53
0aa6dd91-0a22-4165-91ce-38d2a0546057,regulator_token::MH-02,regulator.login,8e8e43c2-c054-4bd9-aa38-f7194a639195,2026-04-02T09:11:31
41c8db29-0e51-481c-ab08-69492b72f18e,regulator_token::KA-01,report.status_changed,99a81dac-9d2c-4c6b-8a61-20e519c44840,2025-12-19T10:12:42
ef71c6e8-a353-4834-9b09-7566b7cbbbe1,regulator_token::KL-06,dispute.status_changed,e006f815-a447-4928-b764-a70de256133e,2026-02-02T10:22:40
db4e02e4-3849-435f-8528-64392ecf295f,regulator_token::GJ-04,report.status_changed,51a52432-08fb-46b3-a899-e4b3ec393ed8,2026-09-02T16:30:07
8f02ce2d-9a6e-4001-b1fe-93ac9cd4d03d,regulator_token::DL-05,regulator.login,c2fe45a6-0e41-4ebd-9634-008ab5c6d11f,2026-06-16T18:26:22
0eeadfec-b4f6-412d-b776-04d026a30ac5,regulator_token::KA-01,report.status_changed,88f8d935-9b64-47f4-905b-c9049360ad77,2026-04-05T18:59:00
8e66934b-5cc9-485d-afca-f10d7f48861f,regulator_token::KA-01,dispute.status_changed,89cd0e92-a226-43fa-9f1c-d47415ab1d9b,2026-01-13T16:06:12
77bd5dea-5cb1-473a-9456-c3fc20c0145c,regulator_token::KL-06,regulator.verdict_reviewed,75292911-0ac7-456c-a2db-6d7b14b0a565,2025-11-22T08:22:17
fb2460cb-f8b1-4f3b-8dc9-7a6368456a65,regulator_token::DL-05,regulator.verdict_reviewed,00878577-5609-4f2b-88d1-2b97fe2367cd,2026-07-01T11:56:51
8cdcecc4-ab18-4a06-9070-6ea03baf947b,regulator_token::KA-01,dispute.status_changed,38c496cb-7d1f-4bf4-92da-a835f18c0690,2026-05-24T18:23:10
749fe809-b8a9-4f63-b3a8-6a9df63598d6,regulator_token::KA-01,regulator.verdict_reviewed,n/a,2026-05-22T09:30:07
17f7ef63-9b63-4306-b3fb-cc5868ac7a29,regulator_token::system,regulator.verdict_reviewed,0ea90ce1-d4e7-42be-b48f-8536f62c972f,2026-01-06T11:04:22
3ad26a33-ca14-4039-9873-7101a76b0ff4,regulator_token::KL-06,dispute.status_changed,05584c27-c73b-4105-9437-7a6fdcf7e498,2026-03-13T12:33:26
31bccab9-0985-451b-9d85-e29d2e21aa36,regulator_token::GJ-04,report.status_changed,8164fa37-4283-4831-bce3-049b587f394b,2025-12-09T17:37:59
01b25551-35b2-4755-b460-5ebb934cc748,regulator_token::system,report.status_changed,1c9b9310-48b0-431d-b2c5-41b555b27225,2026-02-06T21:00:50
ae4db0d2-e4b1-49b4-8879-df78388bb494,regulator_token::KL-06,report.status_changed,b32feab1-e6bb-433e-87cb-3da5b0628824,2026-03-15T19:28:34
79bc86f2-bc6d-4aa1-b609-994d035670aa,regulator_token::MH-02,dispute.status_changed,5f43343f-df5c-4640-b217-054b02843e63,2026-07-17T15:41:14
d1697fa8-92fb-44c3-b748-ebda9598b7c7,regulator_token::MH-02,regulator.login,221a9bed-3c5d-473a-8754-901e0f20be52,2026-09-02T13:38:38
33ec3e5b-0819-4a95-a5e0-318b64ca2c10,regulator_token::TN-03,report.status_changed,eb59b953-ea85-4ba7-9f7d-800757861158,2026-04-17T12:29:22
f1074a17-5b57-403e-aef3-6b819d931e31,regulator_token::system,report.status_changed,a13ea920-a413-4d74-bb29-2fd23b6ddd91,2025-12-30T14:30:45
1979675e-887a-40c0-a9cd-e7f22ad5de81,regulator_token::GJ-04,regulator.login,9e93473a-315f-4efa-aad5-5ea3ac213b2c,2026-05-30T15:58:52
7a781a4d-b573-470a-882c-df414037dee5,regulator_token::KL-06,report.status_changed,51a52432-08fb-46b3-a899-e4b3ec393ed8,2026-05-22T13:10:30
d8c0f634-0599-43fd-886f-958fdec79e4e,regulator_token::KL-06,dispute.status_changed,1c953e45-6b96-45a1-bc7d-6b5191aca028,2026-09-01T02:06:22
60583b56-1d65-470f-a318-73c81bfe063b,regulator_token::DL-05,regulator.verdict_reviewed,n/a,2026-05-18T21:00:36
aaa3411b-4996-44c9-8a26-9211bb028416,regulator_token::GJ-04,regulator.verdict_reviewed,n/a,2026-02-11T10:52:30
ef11a32d-54e5-49ef-97ca-92365e7b45fb,regulator_token::KL-06,report.status_changed,7054f7f2-f91e-42cc-86c9-d8ffddb0902c,2026-06-14T08:18:50
46bb7fce-61ac-4170-b318-5c920af2f807,regulator_token::MH-02,regulator.login,9e93473a-315f-4efa-aad5-5ea3ac213b2c,2026-06-26T08:44:48
ebd6e8e1-e020-446d-9612-c52c6e6a9905,regulator_token::MH-02,report.status_changed,3c23a33a-573a-4a6e-83fa-e0615466bda7,2026-04-26T08:53:12
3be555a8-322b-435d-97fc-49b6fa4f3885,regulator_token::TN-03,report.status_changed,e86fc867-57f7-4ad7-975d-e3e5ed4d0e79,2026-02-11T12:44:48
d17fa523-e943-47b0-bedb-174e21ab916a,regulator_token::DL-05,dispute.status_changed,d8563887-5f4a-4476-b046-ed092fd4ccf8,2026-05-30T13:15:17
a64c3ced-b1bb-49cf-9101-e7fd902683c2,regulator_token::GJ-04,regulator.verdict_reviewed,n/a,2026-03-25T10:04:27
541de18e-eec6-4956-813c-cd38818e1f7d,regulator_token::DL-05,report.status_changed,a503e78b-fd1a-424d-9016-c865044b0c87,2026-03-25T14:41:40
973c9238-1726-40a2-88d7-8b4699b08205,regulator_token::DL-05,regulator.verdict_reviewed,54e5baa4-d017-468b-b03c-9b420003ed03,2026-01-16T09:35:04
caabfe19-a8cd-4f18-a33b-c69ca7e40993,regulator_token::GJ-04,report.status_changed,b456413b-ad09-4cef-9cfe-e73c4b89c75f,2026-02-18T17:07:30
594419d7-3323-4074-b9df-66dd6ccc1a4b,regulator_token::GJ-04,regulator.verdict_reviewed,b6939c40-aa3f-4b0e-ba19-abade677030e,2026-08-25T12:39:37
5faaed79-41bc-4a67-9b13-f12ddca326fc,regulator_token::KA-01,dispute.status_changed,52e74d44-ae13-4e83-895a-adae031e1761,2026-07-20T10:41:17
7ed909db-85b4-4c3e-bd4e-ecf88a2165bb,regulator_token::DL-05,report.status_changed,5c5c4c1f-8ffa-4f20-bbb5-457bce4ba6d4,2026-07-10T01:46:19
0bfb61e2-6b8e-4a3e-8f99-8b7555fdf648,regulator_token::TN-03,report.status_changed,53c00464-ca61-4505-9799-3b5ad9dd7b6a,2026-05-03T16:51:51
9b3e3916-1df7-4ef6-951c-c6a20d76c178,regulator_token::TN-03,report.status_changed,eab559d1-fed6-4ed1-ae56-c71939786d5e,2026-04-03T16:01:31
063dcc74-3f8d-4617-b780-9399b95e4ae4,regulator_token::DL-05,regulator.verdict_reviewed,n/a,2026-06-03T17:29:48
bd35c112-4ebb-475a-8a69-7c5a127a7b83,regulator_token::TN-03,regulator.login,2f896b66-3c69-4c30-a480-649daa900e96,2026-09-13T11:31:59
ab898428-c607-438e-a4d5-ad09d5de365f,regulator_token::KA-01,dispute.status_changed,98602baf-977e-4659-8dbc-de8c3dc47910,2026-05-03T12:46:55
9546ad2c-0ed0-4673-a9a5-71b2f8884853,regulator_token::KL-06,dispute.status_changed,639f428e-90cf-471b-afe8-b469a2d78403,2026-03-17T14:15:32
307f6f2e-80e7-412b-8a29-ce412768984d,regulator_token::system,regulator.verdict_reviewed,n/a,2025-12-29T19:18:29
ba0d7173-6af3-49fd-aa2a-ca24cc87eaae,regulator_token::MH-02,report.status_changed,88f8d935-9b64-47f4-905b-c9049360ad77,2026-09-11T13:32:20
f79fea05-3b57-4522-a3e2-a87b73583db5,regulator_token::KA-01,dispute.status_changed,52e74d44-ae13-4e83-895a-adae031e1761,2025-12-08T16:24:25
8a49a86b-49fc-4efa-bdd8-28a113535e18,regulator_token::DL-05,regulator.verdict_reviewed,n/a,2026-01-26T12:47:31
f7366774-cb17-413b-8f0d-7750f5ce524c,regulator_token::KA-01,regulator.login,n/a,2026-03-07T18:07:47
d14f05ea-df7d-4b02-9d00-63681a80bce5,regulator_token::MH-02,report.status_changed,b6939c40-aa3f-4b0e-ba19-abade677030e,2026-07-31T05:39:48
7bc1f232-7f3b-4c35-9dc8-054a43ce24fc,regulator_token::MH-02,dispute.status_changed,b34884a5-1723-4d16-81db-54a058ed76ae,2026-07-18T14:02:29
d08f6da3-16f3-47ca-a1cf-c8a9225584fb,regulator_token::KA-01,regulator.verdict_reviewed,2f896b66-3c69-4c30-a480-649daa900e96,2025-12-25T14:20:19
088a6e95-223b-49d2-838d-b62cbbc0cbb0,regulator_token::MH-02,regulator.login,eab559d1-fed6-4ed1-ae56-c71939786d5e,2026-01-05T09:52:20
fcaa7a87-44fe-4db4-927b-74874d2ca86f,regulator_token::MH-02,report.status_changed,f1c75b18-b6df-4cfb-a190-d99d03baef99,2025-12-10T17:21:47
0e65dec8-1e7f-4b35-a80f-49c694d56296,regulator_token::system,report.status_changed,42010553-ce94-48ef-b0b6-7277c2b75912,2026-02-15T09:51:32
df036adc-2273-43f2-88f1-43916d2d75d7,regulator_token::MH-02,regulator.verdict_reviewed,n/a,2026-09-03T15:19:41
89685c92-33e1-4962-a21a-fae28f9a3a8b,regulator_token::KA-01,report.status_changed,f3dcd585-56d4-4c72-b69f-5e4525ba95db,2026-04-15T22:15:55
524cab0e-6ed2-4439-a427-d04951b3b257,regulator_token::TN-03,report.status_changed,e86fc867-57f7-4ad7-975d-e3e5ed4d0e79,2026-05-24T14:31:02
797e6c53-ff4e-476f-90dc-acd21af766c0,regulator_token::MH-02,regulator.verdict_reviewed,2bf3a1aa-5782-4e5a-bd03-edc7ea336cae,2026-02-09T17:50:07
6f54c38e-8b6e-4fd1-a17f-fa1aad302603,regulator_token::system,report.status_changed,91bb226d-848a-4c23-b0a6-f3e50fc6e830,2026-02-23T12:00:22
4c2615f6-ce9d-4d0a-a6fc-f6daa4bc6099,regulator_token::KA-01,report.status_changed,e0b7361f-25c9-437e-8ef2-af3813771fb0,2025-12-17T09:11:29
c9774ba9-33f9-4109-a998-7c9fb26645e8,regulator_token::GJ-04,dispute.status_changed,d47b13fc-4163-4010-a890-c1f646c71d74,2026-04-03T10:48:37
092b72eb-ae96-49d5-80ac-77a9fc8467bd,regulator_token::KA-01,regulator.login,43ba4693-5ee6-4e6c-86fd-b86a50bb6166,2026-07-24T13:40:36
6737e700-fd4f-4186-9c9c-f4692a645d03,regulator_token::system,regulator.verdict_reviewed,n/a,2025-12-03T09:50:09
7c195190-afbd-4176-81cf-bd053e507464,regulator_token::KL-06,regulator.login,192ed038-3303-42a3-9465-0ba921be9244,2026-08-31T17:18:50
93569ff1-0ee8-471e-9147-f163fbeacbd7,regulator_token::TN-03,regulator.verdict_reviewed,081afde1-4e91-4699-adfa-b3c65ca98556,2026-03-26T07:32:49
3eb94960-d9e6-49cd-bcb4-c7f04f352d71,regulator_token::GJ-04,regulator.login,f0a00b37-0095-44d4-ada8-10d840d1c071,2026-07-08T10:00:39
2731eb29-3099-490a-bb87-c7dd0b240887,regulator_token::KA-01,report.status_changed,f6767bc4-7d2a-49a2-855e-bc28fa90dae2,2026-07-09T23:10:34
a36b443f-4b39-4bc0-9fcc-980356d0fd7e,regulator_token::MH-02,regulator.login,8e8e43c2-c054-4bd9-aa38-f7194a639195,2026-09-08T06:25:47
e60b2053-0888-4374-bdb4-564e20201ab6,regulator_token::GJ-04,dispute.status_changed,1c953e45-6b96-45a1-bc7d-6b5191aca028,2025-12-27T02:02:43
60a9fcde-e4bb-4f4e-9548-98543f8906c0,regulator_token::KA-01,regulator.login,n/a,2025-12-15T15:58:47
60d9ec75-4ca4-4bf2-b9f7-79472f19903a,regulator_token::TN-03,regulator.verdict_reviewed,n/a,2026-05-30T07:23:39
1f3d41d7-991f-4172-9b53-abaf52767541,regulator_token::DL-05,report.status_changed,192ed038-3303-42a3-9465-0ba921be9244,2026-09-14T13:52:44
44d11847-2dda-44c9-abe1-e3d21da02696,regulator_token::MH-02,dispute.status_changed,877bef17-08da-4f34-9d8d-cac83fa453a7,2026-09-08T21:39:59
432b7abe-5c20-4d54-9b6e-76b0517246d2,regulator_token::TN-03,report.status_changed,e3f55f7f-4892-46b4-9d0d-7290e6d057be,2026-01-11T14:10:10
bec9bcf9-0faa-4b7a-b5b5-2579c86c972c,regulator_token::system,dispute.status_changed,98602baf-977e-4659-8dbc-de8c3dc47910,2026-08-21T10:53:08
0ae2072a-037c-4742-bf8a-7862b4518e0d,regulator_token::MH-02,report.status_changed,752b0123-d68e-4195-b68b-16af42612f84,2025-12-26T15:41:58
ea9e7688-9ee8-4731-b3f8-cde800e4d5b6,regulator_token::TN-03,dispute.status_changed,d69522f5-c326-4dd8-9a48-f55117a979fc,2026-02-02T18:52:11
ca8e8bdb-66a7-4eb3-be01-525bf10bf003,regulator_token::KA-01,dispute.status_changed,d47b13fc-4163-4010-a890-c1f646c71d74,2026-08-20T04:46:38
771e2283-291e-4afd-b3e0-3ce23feda068,regulator_token::GJ-04,dispute.status_changed,60cb2bea-18b8-4fce-867a-aa4368ae88ea,2026-06-19T15:48:17
73f21c7d-bb4a-4ee4-ab23-3c348fa06d57,regulator_token::DL-05,report.status_changed,b4714cd0-5306-4a43-97d9-832d4b59b43a,2026-07-19T10:18:17
21c9f5cf-cd63-4a8a-b982-50493bedd6b6,regulator_token::KA-01,dispute.status_changed,228d6adf-4ac9-4ff6-9396-caf4c0c5de26,2026-06-17T15:28:45
5d5f5212-eea2-404c-a3ed-6f0ed59af4c1,regulator_token::DL-05,report.status_changed,e0b7361f-25c9-437e-8ef2-af3813771fb0,2026-04-09T10:27:06
c0c998e4-35d5-4f7d-9e49-e6a8c9c5b077,regulator_token::KA-01,regulator.login,n/a,2026-04-08T15:42:50
6df90f6b-c3d4-47a2-a3ea-f052eba2b392,regulator_token::system,report.status_changed,7ad530a9-f241-4f31-b2e7-9cd3ab59d25b,2026-05-26T14:53:37
43876d76-da88-4491-a9a3-f61c03974a00,regulator_token::system,regulator.verdict_reviewed,23b5ecc2-8ab5-4b47-b978-fb28ebd0f38d,2026-06-02T08:16:30
769b85d7-8d98-430b-8e54-386c408a4d07,regulator_token::system,report.status_changed,31463c2c-be66-4f5a-9e2b-4ad244077c43,2026-06-20T10:14:11
af722e0a-b516-40f7-a443-d158ce24833f,regulator_token::KA-01,regulator.login,n/a,2026-06-02T14:46:38
f57bd9e9-c9a4-4663-9365-0e924967457d,regulator_token::GJ-04,regulator.verdict_reviewed,c2fe45a6-0e41-4ebd-9634-008ab5c6d11f,2026-01-15T15:02:49
df7b65c3-f04c-47eb-a369-701caea04ca4,regulator_token::KA-01,dispute.status_changed,7f5532c1-41ee-4b58-a16a-1aa1ed7629f5,2026-01-12T18:47:24
fa948d5a-21aa-4671-917d-9f751c9df040,regulator_token::KL-06,regulator.login,n/a,2026-03-14T21:34:59
637da9f5-2fd7-4d35-a56f-49d0df3fb464,regulator_token::KL-06,dispute.status_changed,7a68c755-2bb8-4e24-b366-926689324973,2026-06-28T07:39:18
fb76b0b3-289c-4e34-8e74-db76ffb518ac,regulator_token::KL-06,regulator.verdict_reviewed,00878577-5609-4f2b-88d1-2b97fe2367cd,2025-12-18T10:14:18
d801cf73-5453-4851-bfdd-23c2500d77f0,regulator_token::KL-06,report.status_changed,00adbd0e-7214-4c73-818b-5f318617047f,2026-01-31T16:22:13
729cd62c-d907-4df7-894f-8160af41fe29,regulator_token::MH-02,regulator.verdict_reviewed,n/a,2026-01-04T16:58:12
44b44298-d016-4f27-b32d-7b084b8d9d74,regulator_token::system,regulator.verdict_reviewed,n/a,2026-01-31T17:48:24
dae04783-b210-402e-ae7a-620233f67801,regulator_token::KA-01,regulator.verdict_reviewed,n/a,2026-01-08T13:40:26
42ea3582-517c-4833-a948-f1b07af07e67,regulator_token::KL-06,regulator.login,n/a,2026-01-19T17:23:16
a26a8b9b-cec9-4f6e-9fcd-2d858c37379d,regulator_token::DL-05,report.status_changed,4c4a949f-57d7-4dc5-99cb-69934a9f9819,2026-04-14T12:05:36
0e4058a8-da58-40d5-be37-b09971ab060a,regulator_token::DL-05,dispute.status_changed,d47b13fc-4163-4010-a890-c1f646c71d74,2026-06-21T19:05:38
81d4c8b5-9915-45c0-aae9-356516f3b554,regulator_token::system,report.status_changed,20390b6b-bbc7-46b6-a5dc-f01fe527f382,2025-11-29T15:41:46
39dfbf3e-9fe8-4964-a2eb-c1987d7ad622,regulator_token::KA-01,regulator.verdict_reviewed,n/a,2026-07-11T10:08:56
032e5f48-9cca-4963-b612-7a6401829193,regulator_token::GJ-04,report.status_changed,22e46996-4946-49f7-964e-97f50835a7fb,2026-01-10T10:24:36
8e798f92-3cb5-47d9-ab82-12b85496fb99,regulator_token::system,report.status_changed,42010553-ce94-48ef-b0b6-7277c2b75912,2026-05-12T17:59:59
fc79742f-28df-4744-99d2-04cbb2692d3c,regulator_token::TN-03,dispute.status_changed,f2582ca3-47cd-41c3-b948-274aa1f55a49,2026-07-28T15:46:34
8f2564b9-89a6-40b6-9a5e-83ce9f5b9927,regulator_token::GJ-04,dispute.status_changed,dc5f0f40-6dac-45ad-9730-91489c12fa0b,2026-04-28T13:57:38
d3460fcb-661f-46cc-aa50-1f34a3a5e585,regulator_token::KA-01,report.status_changed,f1bc8848-678c-4d92-9db4-4cc2c2ab24d8,2026-09-08T18:24:30
088564fe-eb9c-41fe-b334-463a26e7fd82,regulator_token::MH-02,report.status_changed,18ccfc7a-7499-47ff-97a9-37952793606f,2025-12-10T16:35:46
6a401b04-c834-4fbc-bfe2-7e6a4f54aee9,regulator_token::KL-06,report.status_changed,f4df8669-3603-48ee-9dc7-2627dca5bcea,2026-05-17T07:41:32
51331528-721c-4504-b0cf-bb03118775a6,regulator_token::DL-05,regulator.verdict_reviewed,n/a,2026-06-05T16:24:37
5508828f-a2bb-4a06-a80d-27386de05dc9,regulator_token::system,regulator.verdict_reviewed,n/a,2026-09-12T13:29:06
b716a45b-c1a6-4929-9d77-4dee8d277504,regulator_token::system,report.status_changed,5c72fa47-e45f-4d8c-b2cb-96d647fd6195,2026-07-02T08:43:16
178c1ad9-94dc-4512-b30c-c195c78a1ab9,regulator_token::KA-01,regulator.login,3b3adaaf-c733-498c-8c70-d981b5f6eaf0,2026-04-08T11:38:12
ac83427d-ab16-4729-b725-26ce3e8c8b06,regulator_token::DL-05,regulator.verdict_reviewed,a3b14f02-d9e0-4072-963b-eae3a6326b66,2025-12-28T19:56:22
2909617c-9f8c-42c0-93ec-bc061fe61deb,regulator_token::DL-05,report.status_changed,30635ac8-9433-4f64-8e67-54ffc2b45183,2026-06-12T11:00:16
33634c25-7c33-46e9-bfdb-4152dd965056,regulator_token::KA-01,regulator.verdict_reviewed,n/a,2026-03-22T07:20:49
47e5cd9c-f5c0-4964-b227-66c3412fbef1,regulator_token::GJ-04,regulator.verdict_reviewed,n/a,2026-07-25T09:25:51
332bd9c7-3a45-404e-b373-eaee53503b55,regulator_token::MH-02,regulator.login,f6767bc4-7d2a-49a2-855e-bc28fa90dae2,2026-08-26T20:31:01
8a550d97-3256-46ff-bf17-683c84b07517,regulator_token::TN-03,regulator.login,n/a,2026-07-21T10:13:25
b310a645-988f-40b3-85c6-01ed1a027907,regulator_token::MH-02,regulator.login,99a81dac-9d2c-4c6b-8a61-20e519c44840,2026-04-15T06:56:54
767d3cc5-8a1b-44d7-b5d5-bc53f7f3d212,regulator_token::system,report.status_changed,5617b56d-dbfd-43ea-ba24-a98d418f035a,2025-12-28T12:46:20
a36ea08c-a9be-4614-834c-58085073281d,regulator_token::DL-05,report.status_changed,91bb226d-848a-4c23-b0a6-f3e50fc6e830,2026-05-04T13:05:26
c1d80b5e-9fe0-4946-a60b-f939460457f8,regulator_token::TN-03,dispute.status_changed,05584c27-c73b-4105-9437-7a6fdcf7e498,2026-06-18T10:59:01
49ffc7a2-721c-4eb5-af80-b095585bf865,regulator_token::system,regulator.login,n/a,2026-05-29T08:17:23
a9cc60ac-5d1c-48c7-b1df-0b07e75d9740,regulator_token::TN-03,regulator.verdict_reviewed,7f60d0fb-bdd5-4b10-a2a3-8d2e3c19bea3,2026-02-06T06:04:08
097433ec-867a-4837-b3e7-814b587d16fa,regulator_token::MH-02,regulator.login,n/a,2026-07-09T11:27:11
c41b4659-19f6-4cb9-b591-ffed777e62f3,regulator_token::MH-02,regulator.verdict_reviewed,41bc66be-6294-4d9e-989e-40036b481b64,2026-07-28T05:51:49
5a1984b3-809c-448a-b389-6fc4159bbe37,regulator_token::system,regulator.login,n/a,2026-06-11T16:29:32
4dd9acd0-2d7f-464e-8802-bfdb098db125,regulator_token::KL-06,regulator.login,n/a,2026-03-31T02:46:29
1f306269-923e-4df8-b891-bba0df2e8830,regulator_token::system,dispute.status_changed,5468c5d8-4a2f-4902-824f-a29d786ac4ac,2026-08-21T14:18:31
a2012ef3-74ee-46cc-915d-d469c4367499,regulator_token::KA-01,regulator.login,f6767bc4-7d2a-49a2-855e-bc28fa90dae2,2025-12-23T07:02:00
5f2d8e3d-92d0-4b3b-b373-8c1387b09006,regulator_token::MH-02,regulator.verdict_reviewed,03cbc34c-02cf-4ec7-8a4d-8fef4e1c1289,2026-06-12T12:03:02
c806cba9-f7fb-4693-81a7-36e8187beb91,regulator_token::MH-02,regulator.login,22e46996-4946-49f7-964e-97f50835a7fb,2026-03-18T05:46:19
256b17e0-f881-4dc3-876a-bf2bd10bd97a,regulator_token::TN-03,regulator.login,n/a,2026-02-08T10:29:54
6a9918ac-bc6f-4890-ab9e-0cc7f8bf1cf6,regulator_token::system,dispute.status_changed,7a68c755-2bb8-4e24-b366-926689324973,2026-09-18T23:05:07
1e457ca2-760b-4b4e-9bb9-823e4f174d73,regulator_token::DL-05,report.status_changed,e3bb3603-8f6b-4ca9-ad73-4c52199a681f,2025-12-07T17:36:13
b2058e9b-2494-4e02-ad12-4946d3193fd6,regulator_token::TN-03,report.status_changed,71ad5c7f-c983-423e-9c6a-82572d71fcc4,2026-04-24T11:50:11
a32303fa-4730-4276-9468-d88f455ee5da,regulator_token::GJ-04,regulator.verdict_reviewed,a3b14f02-d9e0-4072-963b-eae3a6326b66,2026-07-29T16:41:35
6e9dbdfc-0645-413b-a4df-4ef3ab8d421f,regulator_token::TN-03,regulator.login,n/a,2026-08-02T18:03:13
58f3d24f-522f-44ae-b494-a293492c205a,regulator_token::KA-01,regulator.verdict_reviewed,n/a,2026-05-27T15:47:04
60716a34-57e9-435b-8818-ec7e3052faf2,regulator_token::DL-05,regulator.login,n/a,2026-09-10T21:59:19
f14b686a-41ad-499f-9af1-d0fa3d990892,regulator_token::KL-06,report.status_changed,300041d1-1b93-4370-b923-03283443524f,2026-06-24T09:54:30
73dd7890-dc2b-4f50-a904-5dff9efd4f3a,regulator_token::DL-05,report.status_changed,458505b2-d9f5-455e-9938-c95ff76bde90,2026-03-11T00:05:35
c2988558-45c3-4dcf-b007-0dddc2be58e3,regulator_token::KL-06,regulator.verdict_reviewed,n/a,2026-04-22T17:01:48
dbaeda52-972b-45d4-9c30-2e36ceb1dde3,regulator_token::system,regulator.login,n/a,2026-01-18T11:53:28
7d2916fa-25f8-4622-8927-bb9569dde2d3,regulator_token::GJ-04,regulator.login,n/a,2026-02-28T17:40:19
d8832f50-8963-420c-a45e-4d82eb876436,regulator_token::DL-05,regulator.verdict_reviewed,n/a,2026-04-06T03:36:56
adc229f3-b27a-44fc-97d8-86cbec49049c,regulator_token::MH-02,regulator.verdict_reviewed,1a970c28-a9d6-4169-9ff0-6a73cbbc16d9,2025-11-22T11:12:47
3e41ccf0-6d41-46b1-b462-a230364eaa0d,regulator_token::system,regulator.verdict_reviewed,8efb0738-6260-4560-9ef5-61d9973fc5e6,2026-07-14T21:48:12
06804f5f-19a8-487f-a521-63e4e5466a21,regulator_token::system,regulator.verdict_reviewed,e3bb3603-8f6b-4ca9-ad73-4c52199a681f,2026-05-23T12:05:11
de21cb61-c95a-4fbc-b957-e5454069cb7f,regulator_token::KL-06,regulator.verdict_reviewed,54e5baa4-d017-468b-b03c-9b420003ed03,2026-03-31T17:52:12
d2d35122-57e7-4fb1-81e1-fc706c379e68,regulator_token::system,report.status_changed,a692114d-1392-464f-881c-6721b490ba35,2026-05-18T14:29:04
65de98eb-ace2-4293-b02d-abf0160d713b,regulator_token::TN-03,dispute.status_changed,60cb2bea-18b8-4fce-867a-aa4368ae88ea,2026-04-11T11:06:23
397d6313-5dbf-4d50-b034-49103b0de878,regulator_token::GJ-04,regulator.verdict_reviewed,n/a,2026-05-18T17:40:04
64b6c339-3e3c-4dfb-bc2e-cba1c0049a79,regulator_token::TN-03,regulator.verdict_reviewed,n/a,2026-05-19T07:22:28
463717be-6fdb-40cd-b283-54642c4b3447,regulator_token::DL-05,dispute.status_changed,d8563887-5f4a-4476-b046-ed092fd4ccf8,2026-01-09T07:30:29
77bf16f6-2d3c-4721-9a52-4e895f8e2f22,regulator_token::DL-05,report.status_changed,c296fb3d-edd9-442a-94bb-04f1d908fb4c,2025-12-12T15:17:33
0735f807-aa83-4e63-a0a3-9eae4546c660,regulator_token::GJ-04,report.status_changed,e3b8ea91-cd26-485c-800f-9b304e256f36,2026-07-08T19:42:37
e935b4a6-cb3e-4526-9767-ba831bc8daad,regulator_token::KA-01,dispute.status_changed,98602baf-977e-4659-8dbc-de8c3dc47910,2025-11-27T13:01:55
3c35397d-9163-441d-afe6-f23b33c7534c,regulator_token::DL-05,report.status_changed,51a52432-08fb-46b3-a899-e4b3ec393ed8,2026-05-29T16:39:38
b4e3a522-309a-499f-a25c-2b94a56b0293,regulator_token::system,report.status_changed,e3b8ea91-cd26-485c-800f-9b304e256f36,2026-05-23T10:39:32
3c279d94-68d0-4c0e-8c3f-a233ec11910c,regulator_token::DL-05,dispute.status_changed,7f5532c1-41ee-4b58-a16a-1aa1ed7629f5,2025-12-08T08:34:40
b2a5ff43-8793-415b-a04c-8b859f5f3876,regulator_token::system,regulator.verdict_reviewed,51a52432-08fb-46b3-a899-e4b3ec393ed8,2026-07-22T09:36:43
bc43e96c-c6e4-4c00-8998-e2428d1f6cf6,regulator_token::KL-06,report.status_changed,c2fe45a6-0e41-4ebd-9634-008ab5c6d11f,2026-01-15T00:08:52
3e52bdf6-2fea-43f3-8f01-30365b5ab9a3,regulator_token::system,regulator.login,556179cc-bc49-4ad4-a165-f5e91979412b,2026-03-29T20:45:55
96742c97-e51c-4dac-95ea-7797cc045868,regulator_token::TN-03,dispute.status_changed,992e7a30-558f-41d9-906b-e2d51239c990,2026-06-08T11:34:40
055d066e-7be6-4072-bbb5-35635ba22f5c,regulator_token::KL-06,report.status_changed,859e02c5-23cb-4993-8c72-89e54acb303f,2026-02-01T15:40:51
06b42d68-28ca-45d6-9cd0-b41abaf0abb5,regulator_token::MH-02,report.status_changed,c2fe45a6-0e41-4ebd-9634-008ab5c6d11f,2026-02-17T10:36:14
07296e48-634c-449e-acf7-3f082e6d7543,regulator_token::system,regulator.verdict_reviewed,n/a,2025-12-23T10:50:41
0ac296a8-6e05-450a-956c-9b1a71d61978,regulator_token::GJ-04,regulator.login,n/a,2026-06-06T12:49:10
fe678465-97f1-48ac-ab95-305cca2be0a2,regulator_token::KL-06,report.status_changed,4c4a949f-57d7-4dc5-99cb-69934a9f9819,2026-07-28T17:13:15
5805263c-8d96-416f-abc6-5336f38e3937,regulator_token::DL-05,report.status_changed,9e93473a-315f-4efa-aad5-5ea3ac213b2c,2026-07-26T12:18:30
f1a31b93-b7dd-4561-90a3-d95e00e22f1a,regulator_token::KL-06,regulator.login,e3f55f7f-4892-46b4-9d0d-7290e6d057be,2025-12-24T17:06:47
af3201a8-fb05-48ec-b46d-b594bffa3215,regulator_token::TN-03,regulator.verdict_reviewed,n/a,2026-04-15T13:05:49
6125ca6b-c86b-46a6-a5c6-14055622279b,regulator_token::GJ-04,dispute.status_changed,98602baf-977e-4659-8dbc-de8c3dc47910,2026-05-13T14:54:26
fa416b88-0116-42d7-b9b9-23bcd4270413,regulator_token::GJ-04,report.status_changed,8e8e43c2-c054-4bd9-aa38-f7194a639195,2026-03-26T18:17:52
5318391b-443d-498a-bf16-10845ddcd80f,regulator_token::KA-01,regulator.verdict_reviewed,2bf3a1aa-5782-4e5a-bd03-edc7ea336cae,2026-03-08T17:46:29
e8d43b58-e3bf-48d7-986c-84232c50ad57,regulator_token::MH-02,regulator.login,a2ccaf72-b59e-46fc-b7df-91a409c73dae,2026-08-14T09:06:05
59c5a2ad-dece-4e00-beb0-469d70bdd92c,regulator_token::KA-01,report.status_changed,30635ac8-9433-4f64-8e67-54ffc2b45183,2026-07-21T15:53:59
4d43ca8b-f7ed-4ee8-8476-dadd2ab2dbc0,regulator_token::MH-02,report.status_changed,8a706165-004b-494f-9e64-722cbc972120,2026-08-19T10:01:16
afae1c4f-5ae0-4f1b-b0ce-a69d11c553d6,regulator_token::KA-01,report.status_changed,0159c897-3747-4f93-8082-f82cc128949d,2025-12-06T19:56:51
0d22ebac-108e-4643-99df-5599c829d946,regulator_token::system,regulator.verdict_reviewed,300041d1-1b93-4370-b923-03283443524f,2026-06-06T15:00:04
d6c0de67-1f82-4f5c-94cb-d2190aef9dfd,regulator_token::TN-03,regulator.login,n/a,2026-09-15T17:21:57
5c51ccd3-f8d4-4f4c-84f4-73d68eb4a8db,regulator_token::GJ-04,dispute.status_changed,5468c5d8-4a2f-4902-824f-a29d786ac4ac,2026-06-27T11:31:36
de538738-af67-4805-a39a-2052bf2acda7,regulator_token::DL-05,dispute.status_changed,98602baf-977e-4659-8dbc-de8c3dc47910,2025-12-22T09:58:35
05204644-3299-4293-9cac-eb1c9a20c2ed,regulator_token::system,report.status_changed,8e64adb7-524c-4bdc-9a62-254e038e5a0a,2026-03-27T14:19:54
6412a0d7-89a6-4619-ae39-9a8877662461,regulator_token::system,regulator.verdict_reviewed,bbf62f73-b5f4-4309-9a71-d85f24a15029,2026-09-05T13:29:14
e4d34576-b404-42a1-862c-4e1c65bd068a,regulator_token::system,dispute.status_changed,877bef17-08da-4f34-9d8d-cac83fa453a7,2026-02-11T14:29:00
a76ac9e7-b00a-4efe-8e27-f1d3bd7f26b9,regulator_token::system,regulator.login,1c9b9310-48b0-431d-b2c5-41b555b27225,2026-02-11T10:20:10
62418ff3-a2e2-46b2-aa47-d66718ef778a,regulator_token::GJ-04,dispute.status_changed,639f428e-90cf-471b-afe8-b469a2d78403,2026-06-26T21:34:15
2318bf5a-e2cb-444f-8174-56eabbe9337c,regulator_token::KL-06,dispute.status_changed,e006f815-a447-4928-b764-a70de256133e,2026-05-25T17:55:02
6ee55c00-8b53-4a70-984c-c9de50e5a938,regulator_token::TN-03,regulator.login,606ca13c-dd8d-4c4f-9a6a-5f49b9f2c553,2025-11-26T11:29:36
87c94fee-ebd3-43cc-aaa9-9b4b758eaf6b,regulator_token::DL-05,regulator.verdict_reviewed,50d0fb6e-589b-4285-9ad6-07a89a0398be,2026-09-05T22:42:51
17557e6f-b13f-499d-8061-4f32f8cb2b00,regulator_token::system,report.status_changed,4949a275-08ab-4d38-8ed2-d9574eb614b0,2025-12-20T10:51:47
ce39fc9f-d614-4932-a733-f9c565e74180,regulator_token::system,report.status_changed,a68d3198-560b-4172-b5a0-f276ebfbaa19,2026-04-21T20:30:12
acfc00d2-2014-4396-ac44-777290c4198e,regulator_token::MH-02,report.status_changed,1a970c28-a9d6-4169-9ff0-6a73cbbc16d9,2026-06-13T11:43:16
a13da006-3f21-4de6-a880-c6125dc6fc32,regulator_token::KA-01,report.status_changed,221a9bed-3c5d-473a-8754-901e0f20be52,2026-06-12T19:28:06
d22821f8-3443-4a2f-b585-0560dc853810,regulator_token::TN-03,regulator.verdict_reviewed,n/a,2026-02-11T06:58:56
1275d238-2ee9-4767-9a41-f9a91612ce16,regulator_token::MH-02,regulator.login,n/a,2026-04-29T08:37:31
8181b571-8e38-4980-ae9c-8e53e31d388c,regulator_token::DL-05,dispute.status_changed,bbaa08a9-6468-44a7-a511-048f9110e132,2026-09-05T12:54:56
34cd283a-4506-41d2-90c5-cadd4b5c025e,regulator_token::DL-05,report.status_changed,081afde1-4e91-4699-adfa-b3c65ca98556,2025-12-23T23:50:55
fee9c962-e0a2-4e09-8ab7-35c10af4527d,regulator_token::MH-02,regulator.login,23b5ecc2-8ab5-4b47-b978-fb28ebd0f38d,2026-02-01T10:38:13
afc3895d-72b3-40b3-9252-649fa86ef9d8,regulator_token::GJ-04,report.status_changed,6bf08a6b-2052-471d-a6c7-47b7d19a8b2e,2026-01-23T14:33:03
7f844c40-b65c-4a0d-a6d7-d6b645e9005b,regulator_token::MH-02,report.status_changed,4b008479-60a5-4b84-8317-8fc4b5dc600e,2026-07-08T15:03:38
23cd2d22-6c36-4a82-a0f3-9e858fd9aeab,regulator_token::DL-05,report.status_changed,5bd6ddb0-99d0-4b94-8876-b0aea0019606,2025-12-20T16:43:40
e43efab3-dd23-4d93-b21b-96ec6104125c,regulator_token::GJ-04,report.status_changed,3c23a33a-573a-4a6e-83fa-e0615466bda7,2026-09-03T11:02:44
7532f1f2-e9bb-45d3-a279-426652b90d23,regulator_token::KL-06,dispute.status_changed,b34884a5-1723-4d16-81db-54a058ed76ae,2026-05-20T14:34:34
093bb2fa-1175-47ef-875b-22e51891a18d,regulator_token::DL-05,regulator.login,b32feab1-e6bb-433e-87cb-3da5b0628824,2026-03-30T07:14:01
3bb1b355-5722-430d-bb9b-2ccf6321b661,regulator_token::system,regulator.login,n/a,2026-08-30T21:10:37
cbf7603b-5aea-4928-8cbd-467fa3a12030,regulator_token::TN-03,dispute.status_changed,877bef17-08da-4f34-9d8d-cac83fa453a7,2026-01-31T18:16:17
5c271b84-0e5e-4bc0-8bdd-e32c008c3498,regulator_token::KA-01,report.status_changed,c296fb3d-edd9-442a-94bb-04f1d908fb4c,2025-12-23T08:03:39
c14db5a0-bedb-4fc3-803d-9f7cc105fd7b,regulator_token::KL-06,regulator.verdict_reviewed,e3bb3603-8f6b-4ca9-ad73-4c52199a681f,2025-12-24T16:03:32
8ff8fabb-9834-4446-a1d8-b652b1191475,regulator_token::system,regulator.login,n/a,2026-01-07T17:44:41
83ab2b44-411a-4f47-be95-cca7ef12fa61,regulator_token::MH-02,regulator.verdict_reviewed,n/a,2026-01-05T20:02:04
b61d8dfa-3494-4758-bf38-262720ef3614,regulator_token::TN-03,regulator.verdict_reviewed,3c23a33a-573a-4a6e-83fa-e0615466bda7,2026-03-11T20:58:25
0a3e6125-949f-4cd6-b5f0-f2bb1bc1fe76,regulator_token::system,report.status_changed,752b0123-d68e-4195-b68b-16af42612f84,2025-11-28T09:09:33
c4aa489c-08d6-4c64-8be6-43fea61208ac,regulator_token::TN-03,dispute.status_changed,ec9ed0be-0949-41cd-a3d5-e68bcd68b599,2026-05-09T18:24:33
7f3ef9b6-d11a-4a76-a960-f569f3fa9408,regulator_token::KL-06,regulator.verdict_reviewed,beaa234b-1b5f-4375-8b2c-5f1c74048c82,2026-01-14T01:17:03
4c509507-d10d-4e5b-8dbe-5ee439ea54a0,regulator_token::MH-02,regulator.login,n/a,2026-01-04T12:26:09
2bb61c27-e393-4f79-9a21-d2b1b8481052,regulator_token::KA-01,report.status_changed,c24f04a7-9b57-4fa0-b6da-a760c7c43dc0,2026-06-25T14:44:14
1d04c0f8-86a0-4079-8fa3-f51362529560,regulator_token::KL-06,report.status_changed,b456413b-ad09-4cef-9cfe-e73c4b89c75f,2026-03-24T20:39:51
ef00cd30-6546-4a35-a1ec-603c80f2e108,regulator_token::MH-02,dispute.status_changed,ec9ed0be-0949-41cd-a3d5-e68bcd68b599,2026-07-25T18:33:42
7a035d2e-ee2d-4f3e-882c-bdafd7b0d22b,regulator_token::MH-02,dispute.status_changed,7a68c755-2bb8-4e24-b366-926689324973,2026-01-10T07:16:02
6f261c4b-ea47-4b8e-aed5-0c309029b262,regulator_token::TN-03,dispute.status_changed,89cd0e92-a226-43fa-9f1c-d47415ab1d9b,2026-06-20T15:01:05
5c5244d6-967b-4cf8-b685-de9c96178d28,regulator_token::MH-02,report.status_changed,458505b2-d9f5-455e-9938-c95ff76bde90,2026-09-12T18:25:37
6f8b3152-3006-4bf9-ae97-028deb261cc7,regulator_token::DL-05,report.status_changed,f20e0b27-cd2d-4b27-af7b-a3989233cc59,2026-07-10T01:34:24
17138053-924b-4f2d-896a-b923daf6b03d,regulator_token::KL-06,report.status_changed,a13ea920-a413-4d74-bb29-2fd23b6ddd91,2026-07-31T18:57:54
82f8a022-5ffa-4eba-8a65-c270e7914e77,regulator_token::GJ-04,dispute.status_changed,38c496cb-7d1f-4bf4-92da-a835f18c0690,2026-06-10T09:53:43
21ae9130-a70a-49ed-8a72-22850e6f964c,regulator_token::GJ-04,dispute.status_changed,e006f815-a447-4928-b764-a70de256133e,2026-07-29T09:18:59
5cafade7-fad7-4b81-9550-e6eb7d839faa,regulator_token::TN-03,report.status_changed,2f896b66-3c69-4c30-a480-649daa900e96,2026-03-20T12:17:22
ab7568b5-34c7-45c8-aa5b-163fd349eeb6,regulator_token::TN-03,report.status_changed,0141b17f-a9e4-4c79-b2ee-01d0af737795,2026-06-13T09:02:09
f730b50b-230a-4270-938c-dcdd2e4b79f5,regulator_token::KA-01,regulator.login,2f896b66-3c69-4c30-a480-649daa900e96,2025-12-25T16:50:57
aa8e4a4b-0ab2-42ed-9c2a-5d88e1a98421,regulator_token::system,report.status_changed,c2fe45a6-0e41-4ebd-9634-008ab5c6d11f,2026-03-06T15:49:31
73d91236-48e8-427b-a9a3-83bb594e0889,regulator_token::DL-05,report.status_changed,4be52361-90a9-4332-b209-224db6400e13,2026-09-05T02:22:37
6766a2d1-4de0-4943-a951-f2aae5059cf4,regulator_token::DL-05,regulator.login,n/a,2026-08-27T10:57:56
bdb70dad-7c7a-436f-b562-0710ff2938b6,regulator_token::KL-06,report.status_changed,99a81dac-9d2c-4c6b-8a61-20e519c44840,2026-04-23T14:21:26
8b8704ad-9ce8-474e-908e-247c94009fd2,regulator_token::KL-06,dispute.status_changed,5468c5d8-4a2f-4902-824f-a29d786ac4ac,2026-03-08T00:52:59
739dc9c1-1e68-49a3-a676-6e91023ee93b,regulator_token::TN-03,dispute.status_changed,92ca9269-f5d6-4597-a5d9-c5dfa7d9be57,2026-09-03T06:05:14
bbad9374-c016-4add-bec6-11a4bf76bfbf,regulator_token::TN-03,regulator.verdict_reviewed,7f60d0fb-bdd5-4b10-a2a3-8d2e3c19bea3,2026-01-03T10:59:00
c16ccfdb-f16f-4164-868a-49c9be18004e,regulator_token::TN-03,regulator.login,54e5baa4-d017-468b-b03c-9b420003ed03,2026-02-15T15:25:17
7c61467a-9f95-46d9-b110-76f1009b1051,regulator_token::system,dispute.status_changed,7a68c755-2bb8-4e24-b366-926689324973,2026-05-15T23:48:26
74e4c6ce-f0bb-407f-9370-72819be10e0b,regulator_token::KL-06,report.status_changed,43ba4693-5ee6-4e6c-86fd-b86a50bb6166,2026-03-09T11:50:15
000fc967-f33d-4d96-915e-7494c288acc3,regulator_token::KL-06,dispute.status_changed,877bef17-08da-4f34-9d8d-cac83fa453a7,2026-06-24T14:17:45
1994a8e6-dbcc-498e-96e4-247deba489a5,regulator_token::KA-01,regulator.login,973dc4a3-fbcb-4cd1-8eb2-707e1b8cfc34,2026-04-05T11:04:21
03e6618d-4a02-49fc-ab6b-8b1766a6b30c,regulator_token::MH-02,regulator.login,4be52361-90a9-4332-b209-224db6400e13,2026-01-07T12:34:51
f21163f8-a68c-4907-9e34-e3a5317b561a,regulator_token::TN-03,dispute.status_changed,d8563887-5f4a-4476-b046-ed092fd4ccf8,2026-02-02T03:48:33
569fa4bf-a4c2-402d-9c0d-24d889c3e921,regulator_token::KA-01,report.status_changed,1cc1ca9d-06fb-4d47-bee9-faabf30165eb,2026-01-30T18:48:15
5d713355-b89a-4b79-a7dc-5e4a153e9946,regulator_token::DL-05,report.status_changed,74ea1e6a-c68c-4041-8d0b-bae1f9a71102,2025-12-04T15:36:39
71a52dd6-5ce4-44d2-8ef7-dd8699b0c223,regulator_token::GJ-04,dispute.status_changed,992e7a30-558f-41d9-906b-e2d51239c990,2026-01-11T10:46:33
bfdda631-2071-4495-9db9-e94c1562f765,regulator_token::MH-02,regulator.login,a503e78b-fd1a-424d-9016-c865044b0c87,2026-01-10T18:53:56
6a44f5e1-9545-462c-ad6a-ba94c816f1fc,regulator_token::DL-05,dispute.status_changed,60cb2bea-18b8-4fce-867a-aa4368ae88ea,2026-08-07T20:33:20
cde6e969-2e69-41b8-acb5-a1776a8a71da,regulator_token::MH-02,report.status_changed,4fb52be7-c559-4a8b-95cb-72be6babd7d1,2026-09-08T19:58:37
8d91b097-e9d9-48b5-b63b-4768dcd90950,regulator_token::TN-03,report.status_changed,e3bb3603-8f6b-4ca9-ad73-4c52199a681f,2026-08-09T16:25:33
09c668b8-4fa8-4351-be83-bc4f88f1fc4b,regulator_token::DL-05,regulator.verdict_reviewed,n/a,2026-02-25T16:07:56
e4507db6-3f30-40c6-b66d-34d882bebe65,regulator_token::DL-05,regulator.login,n/a,2026-03-31T09:24:21
4030f48d-5a49-49a1-8b03-c86544bc338a,regulator_token::KL-06,regulator.verdict_reviewed,6d57f451-275e-4941-9269-6966a2bd609b,2026-09-07T16:36:37
a2a45be5-ddc5-435e-a3f6-663fb35094e7,regulator_token::KA-01,regulator.verdict_reviewed,c5befecf-7f77-4d64-934f-e2b1da1137c7,2026-07-06T09:35:37
368dd5a6-1c13-439b-a716-faf7830a5d6d,regulator_token::GJ-04,report.status_changed,03cbc34c-02cf-4ec7-8a4d-8fef4e1c1289,2026-09-18T16:27:46
d955eaac-370e-49d6-bacb-b9f32e9c39ad,regulator_token::system,regulator.verdict_reviewed,91bb226d-848a-4c23-b0a6-f3e50fc6e830,2026-02-19T14:57:23
50e226d1-c7e0-453f-9bff-014414fe0d1a,regulator_token::GJ-04,regulator.login,n/a,2026-04-12T10:20:38
b8fad21a-4a97-41e9-8c00-043046c1c3d0,regulator_token::KL-06,report.status_changed,a2286b7e-884a-4d79-8cdd-9f3a55ae9a88,2026-02-03T10:10:53
94b68928-223f-4bdc-94fb-8e3926957f1e,regulator_token::system,report.status_changed,0f0a0339-a8a5-4d5b-8eb1-d038a98629ad,2026-03-25T17:43:27
cc55bd2d-1ff6-4f08-8b1c-64ae6105a97c,regulator_token::GJ-04,regulator.verdict_reviewed,n/a,2026-01-15T13:32:11
2194fd63-2731-4fc9-8987-842d6f719c12,regulator_token::GJ-04,report.status_changed,88f8d935-9b64-47f4-905b-c9049360ad77,2026-05-25T12:50:35
26df2b85-a716-44c5-9f79-028a05bda9cd,regulator_token::KA-01,regulator.verdict_reviewed,n/a,2026-04-28T14:06:38
6065d5e4-4bf5-4449-96d0-07aadd37b470,regulator_token::GJ-04,regulator.verdict_reviewed,n/a,2026-02-09T12:32:37
9cccaef8-4e4d-4c2e-bbee-a8d807f73bb1,regulator_token::DL-05,report.status_changed,da1cf1bf-4780-4747-a606-d05605c8b6f1,2026-02-07T16:59:48
ebabd2b5-27d9-45af-a225-ce699f9b2ffb,regulator_token::DL-05,regulator.verdict_reviewed,23b5ecc2-8ab5-4b47-b978-fb28ebd0f38d,2026-05-05T16:40:17
06f74fc1-cb7e-45bb-bc8c-e7a63c71ff9a,regulator_token::system,dispute.status_changed,52e74d44-ae13-4e83-895a-adae031e1761,2025-11-24T09:47:59
7bab5fee-c199-484b-b70e-43a94c4e7b74,regulator_token::MH-02,regulator.login,n/a,2026-08-31T16:03:34
0b2d4f48-62be-40b9-96ad-5754de6856ad,regulator_token::MH-02,regulator.login,beaa234b-1b5f-4375-8b2c-5f1c74048c82,2026-04-22T11:32:21
738174e0-c030-4985-a848-f9ca8d609fef,regulator_token::system,dispute.status_changed,e442ed74-18b2-41b0-8d1d-e3abe623384c,2026-07-23T18:05:00
3a5f9be2-b763-4467-b381-2b9e021d37f3,regulator_token::system,regulator.login,5bd6ddb0-99d0-4b94-8876-b0aea0019606,2026-07-24T20:56:43
d401bf92-04c7-4c88-9e3e-5c8bbbb4016f,regulator_token::GJ-04,dispute.status_changed,7a68c755-2bb8-4e24-b366-926689324973,2026-06-28T11:30:24
0373a4c8-888c-4aa3-9f4c-b5bef7c1deea,regulator_token::MH-02,dispute.status_changed,7a68c755-2bb8-4e24-b366-926689324973,2026-05-16T19:13:03
31736360-e96f-4fee-9686-dfd0ce682d33,regulator_token::GJ-04,report.status_changed,31463c2c-be66-4f5a-9e2b-4ad244077c43,2026-06-27T14:54:49
28f3bc5e-c341-40e8-8356-523914adfa0e,regulator_token::KA-01,report.status_changed,eb59b953-ea85-4ba7-9f7d-800757861158,2026-06-13T02:41:10
f0977786-009f-4e4e-8a83-65cae02d217d,regulator_token::KL-06,report.status_changed,4fb52be7-c559-4a8b-95cb-72be6babd7d1,2026-05-28T01:46:12
edf8bdcf-28bc-4f45-afcc-3ff98ebeedc8,regulator_token::KL-06,report.status_changed,3069f0d2-ee48-4f0e-8b64-668d236f1e02,2026-07-07T10:32:41
133b20ba-89c3-4473-a873-690090b8d5e5,regulator_token::TN-03,dispute.status_changed,5468c5d8-4a2f-4902-824f-a29d786ac4ac,2025-12-25T20:09:00
fc49dfe1-6a4a-4906-a529-153b523dac20,regulator_token::KA-01,regulator.verdict_reviewed,54e5baa4-d017-468b-b03c-9b420003ed03,2025-12-09T11:44:13
689c3ac7-7187-41ee-95a9-2e68a4efe221,regulator_token::system,report.status_changed,1f515158-6986-437e-96e0-75a8119b8c38,2026-06-26T11:42:32
60d64d55-8512-4e1d-adad-0c7fe7b51f1d,regulator_token::KA-01,regulator.login,75292911-0ac7-456c-a2db-6d7b14b0a565,2025-12-19T10:37:45
d21c2a96-770a-483b-b5ab-dfd249999c60,regulator_token::KA-01,dispute.status_changed,dc5f0f40-6dac-45ad-9730-91489c12fa0b,2026-05-19T13:37:47
b90cc009-0ab8-4976-ab0f-68101499f486,regulator_token::MH-02,regulator.login,n/a,2026-06-09T09:33:44
09f75264-3c95-400e-b3fb-443e027e4552,regulator_token::GJ-04,report.status_changed,7d9c226c-b8d0-4310-a3f8-f41941aecf5d,2026-03-21T11:43:02
eafd4763-a913-4e81-b037-03defe4cca4e,regulator_token::TN-03,report.status_changed,973dc4a3-fbcb-4cd1-8eb2-707e1b8cfc34,2026-04-15T04:44:09
488348a3-3c21-4a8e-a1ed-9318bb7109c5,regulator_token::GJ-04,dispute.status_changed,b34884a5-1723-4d16-81db-54a058ed76ae,2026-02-24T13:18:56
30086d36-c999-4f82-b614-a05e84d3d046,regulator_token::MH-02,dispute.status_changed,6bd2948d-f36e-46ee-be78-42253b5693b9,2025-11-27T11:50:12
cc8af219-426a-41de-86e3-a060e8933fd8,regulator_token::KL-06,report.status_changed,3f9ec243-d457-453b-bdd0-de919d347fde,2026-05-14T20:48:17
51701edd-0791-4f5a-8dac-ea30b1d77fcc,regulator_token::MH-02,regulator.verdict_reviewed,23b5ecc2-8ab5-4b47-b978-fb28ebd0f38d,2026-04-19T15:31:25
1a5bc843-d5e4-4a82-8043-a7c55deaec02,regulator_token::KL-06,regulator.verdict_reviewed,22e46996-4946-49f7-964e-97f50835a7fb,2025-11-22T11:40:06
3bc39a95-d785-4bb0-801a-1dc93df978eb,regulator_token::GJ-04,report.status_changed,8efb0738-6260-4560-9ef5-61d9973fc5e6,2026-08-03T07:24:25
be85dfd2-12a6-4cbd-87c5-692056a8b215,regulator_token::system,regulator.login,8efb0738-6260-4560-9ef5-61d9973fc5e6,2026-01-03T12:23:25
4a59aa1f-12ed-46b4-bac5-dbede047e546,regulator_token::TN-03,dispute.status_changed,38c496cb-7d1f-4bf4-92da-a835f18c0690,2026-07-10T16:00:52
18c6e66a-7319-4da7-a340-a7c1d71363f1,regulator_token::TN-03,regulator.verdict_reviewed,n/a,2026-09-18T08:46:43
64c81dbb-dacf-4aaa-9f08-e41ef11c0705,regulator_token::MH-02,regulator.login,3f9ec243-d457-453b-bdd0-de919d347fde,2026-01-15T06:45:09
e3108dc0-d312-4e2c-95e0-211f5b71c33d,regulator_token::KL-06,report.status_changed,d40257d7-561f-48a5-a644-dd3e2b182f01,2026-05-03T11:06:06
7354b685-63bc-4677-b09d-43c5d3669446,regulator_token::GJ-04,regulator.verdict_reviewed,a503e78b-fd1a-424d-9016-c865044b0c87,2026-05-05T15:24:10
37a38c5a-7ab1-4e3d-a214-e247027cccf4,regulator_token::KA-01,report.status_changed,f7d2d1e5-77c2-4f1e-a66d-9e0378ca5f3d,2026-02-10T16:13:27
0308597a-3ce8-4548-b65a-b756e75ab933,regulator_token::KL-06,report.status_changed,d773511e-f3c0-4f13-8f1b-041ee19d8bec,2026-03-16T06:09:15
a430a6f3-ba00-479b-932a-c1b50c22392f,regulator_token::DL-05,regulator.login,6d57f451-275e-4941-9269-6966a2bd609b,2026-02-11T15:49:03
e6cb2bdf-6081-4ef9-a3b9-a860f0f9db66,regulator_token::KA-01,regulator.login,n/a,2026-04-22T13:57:43
54bfe5da-209c-44bd-971b-44ce9125ec4a,regulator_token::KA-01,report.status_changed,281a254a-71fc-4002-99fc-75cf73d08029,2026-04-01T17:34:21
59da8bcd-16a5-4bb5-a32d-71f448a715b7,regulator_token::MH-02,dispute.status_changed,98602baf-977e-4659-8dbc-de8c3dc47910,2025-12-18T12:02:41
b59100ad-cb7c-4eab-97ba-c7dab930a97c,regulator_token::GJ-04,regulator.login,n/a,2025-12-01T16:27:35
c437fcc5-03fb-4e38-8900-81dc560505d4,regulator_token::MH-02,report.status_changed,7054f7f2-f91e-42cc-86c9-d8ffddb0902c,2026-05-20T18:06:43
bf2b0a81-704f-4f7d-ac9b-e449c945fc24,regulator_token::KA-01,regulator.login,e0b7361f-25c9-437e-8ef2-af3813771fb0,2025-11-24T07:46:44
8c9d6629-ca5e-466b-98d0-b7bac4980c0e,regulator_token::GJ-04,regulator.login,f4df8669-3603-48ee-9dc7-2627dca5bcea,2026-09-09T09:35:22
55bf0991-fdbb-4414-baa4-40553448844a,regulator_token::GJ-04,report.status_changed,192ed038-3303-42a3-9465-0ba921be9244,2026-02-23T17:32:53
102c87ca-9f55-4546-9c51-f74c535ce449,regulator_token::MH-02,regulator.login,n/a,2026-02-03T15:37:29
ce389cbf-e988-4d31-b5d9-e768c0fbb330,regulator_token::KL-06,report.status_changed,973dc4a3-fbcb-4cd1-8eb2-707e1b8cfc34,2026-07-18T11:15:57
1ff3f3fc-0e42-43ec-b548-14fc99338299,regulator_token::system,report.status_changed,15c997c0-d874-4904-80cf-9fb8ee9a5e1b,2026-05-24T17:52:50
9497049a-508f-428d-bf80-d0958c6f9bf2,regulator_token::TN-03,report.status_changed,5490dc21-27d2-4490-915e-1f27a1275c0b,2026-07-11T13:57:41
8e69bb74-d97d-48b4-ac81-a0a905631fd1,regulator_token::DL-05,report.status_changed,5a4b4398-e89b-46d3-a8a3-ed6331c49ce7,2026-06-22T15:16:13
dc139421-d0f1-44dd-93da-71cd0d639c4d,regulator_token::DL-05,report.status_changed,22e46996-4946-49f7-964e-97f50835a7fb,2026-04-24T16:04:26
be21fa76-f9ae-4e38-8553-5c68fa69800f,regulator_token::system,regulator.login,56025b75-af7e-4bd4-aa49-49b598555718,2026-05-04T18:49:11
ce9d5feb-c781-432a-9342-4f24068939d9,regulator_token::system,dispute.status_changed,5f43343f-df5c-4640-b217-054b02843e63,2025-12-11T17:44:07
a10b23b4-5afa-43ad-98c6-b06567ef8f79,regulator_token::system,report.status_changed,d773511e-f3c0-4f13-8f1b-041ee19d8bec,2026-02-19T17:06:08
4616d58e-6538-405c-a757-1b2c5699da58,regulator_token::MH-02,regulator.verdict_reviewed,0141b17f-a9e4-4c79-b2ee-01d0af737795,2026-07-07T11:00:29
b51ad80d-8149-46c7-9562-384a3ec2bf50,regulator_token::KA-01,report.status_changed,22e46996-4946-49f7-964e-97f50835a7fb,2026-03-12T15:53:41
9adcd762-e4b7-473a-84a3-1e9b58ac3c9c,regulator_token::DL-05,report.status_changed,a31848ee-f8a0-4f3b-86fa-81e393e5ab1d,2026-05-09T14:21:04
e529a953-6249-40cf-8d1a-b85529b38033,regulator_token::KL-06,report.status_changed,e86fc867-57f7-4ad7-975d-e3e5ed4d0e79,2026-07-19T19:46:14
e0fbae9c-ba41-4aec-bd00-3e112f3df63e,regulator_token::system,dispute.status_changed,5f43343f-df5c-4640-b217-054b02843e63,2025-12-16T11:31:11
51067ccd-e462-42c6-b3cc-c156549594fe,regulator_token::MH-02,dispute.status_changed,38c496cb-7d1f-4bf4-92da-a835f18c0690,2026-08-05T14:07:04
2f301a98-ae8c-4ca9-8af8-2220d61003fd,regulator_token::KL-06,regulator.verdict_reviewed,35479047-57c0-43fe-b452-62127fb2f173,2026-07-12T13:04:57
9bf55f35-fdda-494a-a766-1791ace285ea,regulator_token::GJ-04,dispute.status_changed,52e74d44-ae13-4e83-895a-adae031e1761,2026-03-30T20:42:48
fed80f1e-27a5-49b2-ac09-c72d37682370,regulator_token::TN-03,dispute.status_changed,a8b22acb-1ccb-4ff0-a16b-6df6fc5058dd,2026-08-08T13:19:23
6cabf361-616a-4ab4-862f-95c09be73c75,regulator_token::TN-03,regulator.verdict_reviewed,42010553-ce94-48ef-b0b6-7277c2b75912,2026-05-08T10:36:32
83e85dc1-4a86-4c66-aeef-55c81694e549,regulator_token::KL-06,dispute.status_changed,60cb2bea-18b8-4fce-867a-aa4368ae88ea,2026-06-18T14:46:35
472404a0-ae81-44ce-a78d-38571ed6a049,regulator_token::TN-03,dispute.status_changed,c10c5524-47db-4f33-bd1c-06b9a286469b,2026-03-18T13:49:40
8dc881e4-a112-450c-a666-172932236b84,regulator_token::TN-03,dispute.status_changed,89cd0e92-a226-43fa-9f1c-d47415ab1d9b,2026-07-20T15:46:18
95413193-6e29-4849-a662-5e46ecb5cd8a,regulator_token::KL-06,dispute.status_changed,d69522f5-c326-4dd8-9a48-f55117a979fc,2026-05-27T14:16:09
4e9d9d40-1a5d-45cd-8268-84adec1f1818,regulator_token::MH-02,report.status_changed,f3dcd585-56d4-4c72-b69f-5e4525ba95db,2026-06-01T17:11:05
7483ae61-8774-4c7c-8732-6fdc10bfae21,regulator_token::TN-03,report.status_changed,9e93473a-315f-4efa-aad5-5ea3ac213b2c,2026-01-03T08:35:46
24966920-b4fc-4ac7-99a9-9fb3c52b71f0,regulator_token::system,regulator.login,n/a,2026-04-02T17:02:30
c48b1013-195f-4369-9147-3753b27f2776,regulator_token::MH-02,regulator.verdict_reviewed,2f896b66-3c69-4c30-a480-649daa900e96,2026-06-28T11:23:25
3d66abec-8f5c-4777-97a1-d67cd3da79da,regulator_token::DL-05,dispute.status_changed,92ca9269-f5d6-4597-a5d9-c5dfa7d9be57,2026-06-25T23:28:09
0c0eccf5-8583-4854-8ae9-25d3000be6b6,regulator_token::TN-03,report.status_changed,552d03fa-201b-41ec-865a-895e37ff3887,2025-12-16T19:01:48
5db9fd40-fe21-4d35-a2a2-31bdf873328a,regulator_token::system,report.status_changed,f1c75b18-b6df-4cfb-a190-d99d03baef99,2026-07-04T20:21:37
05f7a8c7-61aa-46dd-a4b1-08ad2fc4ab4e,regulator_token::KL-06,report.status_changed,a849c62b-f23c-4463-8e4b-3844d77fe49b,2026-01-05T18:02:45
3ac1f68e-ece1-4881-8c2d-093ba4059901,regulator_token::DL-05,report.status_changed,5c72fa47-e45f-4d8c-b2cb-96d647fd6195,2026-09-16T21:05:04
58cc46f8-3b94-4cde-b7e0-aa2f008668ba,regulator_token::MH-02,report.status_changed,3973c72b-1a86-44f1-a0ce-ad4e8ddd63f4,2026-03-25T15:28:10
ac20a28b-31ea-4cb6-98b5-ff564718f790,regulator_token::system,regulator.verdict_reviewed,n/a,2025-12-27T16:47:19
8047cf43-bf35-4b55-bda2-30fd053a5b1a,regulator_token::DL-05,report.status_changed,0ea90ce1-d4e7-42be-b48f-8536f62c972f,2026-02-17T12:47:45
3e77c981-d755-45a6-a7cd-dfe2217dbd7d,regulator_token::TN-03,dispute.status_changed,92ca9269-f5d6-4597-a5d9-c5dfa7d9be57,2026-07-05T09:17:46
c7b9b8db-642b-4879-b5f6-aad155cd80a2,regulator_token::TN-03,report.status_changed,c296fb3d-edd9-442a-94bb-04f1d908fb4c,2026-07-17T10:22:28
9466d92a-d434-4895-80f5-93555283d30b,regulator_token::DL-05,regulator.login,de0d109b-7b82-43bc-806e-e463b4511b35,2025-12-22T11:26:48
080a65f5-e6a8-424c-9886-8e031e2a9aa3,regulator_token::KA-01,report.status_changed,f7d2d1e5-77c2-4f1e-a66d-9e0378ca5f3d,2026-05-28T18:46:26
121ca173-142a-4cfa-bfb1-ea27dc5e6db2,regulator_token::KL-06,report.status_changed,f0a00b37-0095-44d4-ada8-10d840d1c071,2026-02-11T16:48:23
d985da8f-d9c1-405e-9017-0ae0af25695f,regulator_token::KA-01,dispute.status_changed,92ca9269-f5d6-4597-a5d9-c5dfa7d9be57,2026-02-19T15:21:00
dd49bedd-f161-4fc5-87b2-a36dd9fd2477,regulator_token::TN-03,report.status_changed,5617b56d-dbfd-43ea-ba24-a98d418f035a,2026-07-13T07:28:27
43947406-adc9-489f-b761-5629a92e713a,regulator_token::GJ-04,report.status_changed,f4df8669-3603-48ee-9dc7-2627dca5bcea,2026-08-30T14:50:51
f61ee396-66c8-4491-baaf-8efe99816c3f,regulator_token::KA-01,regulator.verdict_reviewed,91bb226d-848a-4c23-b0a6-f3e50fc6e830,2026-05-24T16:03:20
53962d0c-d08d-4f23-ab6c-025d5ad264af,regulator_token::KL-06,regulator.verdict_reviewed,n/a,2026-02-26T17:37:34
245f920f-200b-41ac-9980-4d11d4737a49,regulator_token::DL-05,report.status_changed,752b0123-d68e-4195-b68b-16af42612f84,2025-11-28T11:48:13
dab53a5e-7dbb-4232-938f-913a9cdd6679,regulator_token::TN-03,regulator.verdict_reviewed,458505b2-d9f5-455e-9938-c95ff76bde90,2026-08-30T06:23:04
48febb8d-a47d-419d-9890-9bda7638f8d5,regulator_token::KL-06,regulator.verdict_reviewed,n/a,2026-02-23T12:25:38
6b94e4db-5441-4e57-b96e-f0bc0a5b5c6b,regulator_token::TN-03,regulator.verdict_reviewed,n/a,2026-01-19T21:12:22
53d01412-f168-47fb-a793-d84616e7a5fd,regulator_token::MH-02,dispute.status_changed,d69522f5-c326-4dd8-9a48-f55117a979fc,2026-05-15T11:17:23
7fb06792-f71c-4915-9cb6-69f3ae25850c,regulator_token::TN-03,report.status_changed,c3b2d72c-fe26-48a4-a9c6-0ea735732978,2025-12-07T09:29:51
9808ccbe-acf4-4c24-a169-0602c7ec61ce,regulator_token::GJ-04,report.status_changed,43ba4693-5ee6-4e6c-86fd-b86a50bb6166,2025-12-05T09:05:10
3691325f-e52c-4348-9348-ddadc7084182,regulator_token::system,regulator.verdict_reviewed,7f60d0fb-bdd5-4b10-a2a3-8d2e3c19bea3,2026-05-21T11:39:47
16d12e56-5256-422d-bca8-4f648af06148,regulator_token::GJ-04,dispute.status_changed,a8b22acb-1ccb-4ff0-a16b-6df6fc5058dd,2025-12-06T18:56:39
49681d49-23db-4279-839b-46f82dba66b3,regulator_token::MH-02,report.status_changed,561da22e-99bb-44e4-8e00-7ce9ee38c600,2026-04-12T02:57:49
b23cd440-8639-44e9-ae1b-a1b5a9ee369e,regulator_token::GJ-04,regulator.verdict_reviewed,31463c2c-be66-4f5a-9e2b-4ad244077c43,2025-11-28T19:31:31
540c8a5e-eafb-4643-9013-d63809b967c8,regulator_token::KL-06,regulator.login,71ad5c7f-c983-423e-9c6a-82572d71fcc4,2026-04-25T07:49:06
f33f674c-a8b3-457e-b235-ccccae8222fd,regulator_token::MH-02,report.status_changed,91bb226d-848a-4c23-b0a6-f3e50fc6e830,2026-04-23T11:17:42
a53766a5-cc8f-41c0-91bc-c34c878ac7cb,regulator_token::KA-01,regulator.login,n/a,2026-02-07T16:14:46
7e98fed5-9e28-4d8f-887e-244d150abecf,regulator_token::system,dispute.status_changed,11d3ad2c-401a-41f6-aab3-f42854951460,2025-11-30T16:21:55
ae258ca3-ecaf-488c-82a9-216cd3208191,regulator_token::KL-06,report.status_changed,5490dc21-27d2-4490-915e-1f27a1275c0b,2026-05-15T10:14:37
41f5c115-b484-41d2-b3b0-e69861984259,regulator_token::TN-03,dispute.status_changed,228d6adf-4ac9-4ff6-9396-caf4c0c5de26,2026-02-28T07:40:42
31a36026-b49b-41ab-ac76-9975a23d31bc,regulator_token::DL-05,regulator.verdict_reviewed,e6bbfbec-17c5-4b82-86da-346b2d6d13bb,2025-11-24T15:17:34
fe9a4100-dfc4-41a3-8cdc-fc56b27b3cc9,regulator_token::system,regulator.verdict_reviewed,42010553-ce94-48ef-b0b6-7277c2b75912,2026-05-23T00:02:09
ad209e94-26a9-44a7-bd49-b86ff1d1b790,regulator_token::MH-02,regulator.verdict_reviewed,42010553-ce94-48ef-b0b6-7277c2b75912,2026-07-02T14:21:05
69e79169-71fc-4892-82ca-3100433084c0,regulator_token::GJ-04,dispute.status_changed,dc5f0f40-6dac-45ad-9730-91489c12fa0b,2026-02-25T12:59:01
bbadace6-aec3-413d-8dab-a90828681237,regulator_token::GJ-04,regulator.verdict_reviewed,e3b8ea91-cd26-485c-800f-9b304e256f36,2025-12-11T04:26:20
534ad02f-85db-4524-9369-a8d757d45a52,regulator_token::DL-05,regulator.verdict_reviewed,b32feab1-e6bb-433e-87cb-3da5b0628824,2026-04-29T15:15:27
9bc89407-b997-4927-bf05-fd26854f98f1,regulator_token::DL-05,dispute.status_changed,b34884a5-1723-4d16-81db-54a058ed76ae,2026-03-06T13:28:28
472c069c-b362-4cff-b843-0dfcf5382387,regulator_token::KL-06,dispute.status_changed,dc5f0f40-6dac-45ad-9730-91489c12fa0b,2026-02-06T20:08:00
19a33bee-0b7c-4643-975a-2206b39ce11d,regulator_token::DL-05,regulator.login,00adbd0e-7214-4c73-818b-5f318617047f,2025-12-24T11:38:30
9155696e-e60f-4ff0-982b-f1f8515845ef,regulator_token::TN-03,dispute.status_changed,e442ed74-18b2-41b0-8d1d-e3abe623384c,2026-01-18T16:40:08
e953baa8-2122-4737-bced-b7718a97cfff,regulator_token::MH-02,report.status_changed,75292911-0ac7-456c-a2db-6d7b14b0a565,2026-07-29T18:36:49
bd0b27b8-ef09-48e3-b3b4-6ebc1220650f,regulator_token::GJ-04,regulator.verdict_reviewed,n/a,2026-02-21T16:59:49
5f92cbdf-1ee8-4871-9958-1c5677d1f7cb,regulator_token::TN-03,report.status_changed,23b5ecc2-8ab5-4b47-b978-fb28ebd0f38d,2026-03-14T17:21:45
3ffaad13-1a4f-4340-9491-c167bccc4320,regulator_token::MH-02,dispute.status_changed,a8b22acb-1ccb-4ff0-a16b-6df6fc5058dd,2026-06-25T13:30:47
7ef54957-dd96-4d4d-a256-1a245e176cc0,regulator_token::KA-01,regulator.verdict_reviewed,n/a,2026-01-14T09:36:37
a02273dd-34cf-4b65-adeb-f4d721786740,regulator_token::MH-02,regulator.login,f1c75b18-b6df-4cfb-a190-d99d03baef99,2026-01-11T15:13:15
0c81a82f-f68f-474f-b63b-3106552eca41,regulator_token::TN-03,report.status_changed,a3b14f02-d9e0-4072-963b-eae3a6326b66,2026-04-01T02:11:19
4573a635-b5fe-43f3-836e-20258e2df9cf,regulator_token::MH-02,report.status_changed,c24f04a7-9b57-4fa0-b6da-a760c7c43dc0,2026-07-24T00:32:04
06369f28-3a47-4e66-92fb-9d620c66c284,regulator_token::DL-05,report.status_changed,2cd830cd-36ce-4bc6-a727-c5383268910b,2026-06-17T10:57:33
1349d028-5194-47a0-8576-13cad5b779e1,regulator_token::TN-03,regulator.login,221a9bed-3c5d-473a-8754-901e0f20be52,2025-11-27T16:49:38
258f561e-b70c-4a84-b9ac-28cace6129c1,regulator_token::GJ-04,report.status_changed,fc48570a-027c-4b82-875e-b647f7e40bca,2026-04-09T18:12:58
93019e0d-8c60-478b-bc6b-2df6c95f235d,regulator_token::DL-05,regulator.login,22e46996-4946-49f7-964e-97f50835a7fb,2026-07-14T12:03:05
768f216f-071e-437c-9f32-b7c747b74bf9,regulator_token::KL-06,regulator.verdict_reviewed,65981fae-2733-4ae2-8b82-3d44037b5c26,2026-05-26T11:31:35
32b5ac35-4db6-486b-b3a7-46423cf15a31,regulator_token::KA-01,report.status_changed,7f60d0fb-bdd5-4b10-a2a3-8d2e3c19bea3,2025-11-30T10:51:25
f4f4a369-0c80-4536-b7e1-da3b68008043,regulator_token::MH-02,report.status_changed,51a52432-08fb-46b3-a899-e4b3ec393ed8,2026-09-11T19:42:43
1ef16bb5-b160-402f-81fa-f6972b63ca08,regulator_token::KA-01,dispute.status_changed,7f5532c1-41ee-4b58-a16a-1aa1ed7629f5,2026-02-23T11:18:18
c1c56123-a2b2-4ea8-afba-c5a9857ab790,regulator_token::system,report.status_changed,b456413b-ad09-4cef-9cfe-e73c4b89c75f,2026-03-18T18:57:41
ed5694d6-aae2-448d-bd45-265dd01231bb,regulator_token::DL-05,report.status_changed,9bcfd7cc-87d1-4fd2-b5fa-55cee8da6809,2025-12-03T16:23:22
7a5535d8-9633-4eda-9dd1-ca1780d946ca,regulator_token::MH-02,report.status_changed,5316603a-285a-43e0-8b8b-691b067880ff,2026-04-24T14:51:25
f9fb6bbc-7387-4e5e-b3f1-e95ca6e78dd5,regulator_token::KL-06,regulator.verdict_reviewed,n/a,2026-08-24T08:05:28
2be66377-cb97-4d44-8c6a-741be8b1937b,regulator_token::GJ-04,regulator.login,0141b17f-a9e4-4c79-b2ee-01d0af737795,2026-01-31T16:15:49
02d74c4e-9b7d-489a-96fc-f8998a3a1f23,regulator_token::GJ-04,regulator.login,n/a,2026-05-23T13:24:47
6d2601fe-9c72-4f97-a265-aab0c67b200b,regulator_token::DL-05,regulator.verdict_reviewed,n/a,2026-02-27T10:58:40
e9406339-d962-4b9c-b79d-df70933805d6,regulator_token::GJ-04,regulator.verdict_reviewed,n/a,2026-09-13T07:48:39
98cc7704-1e09-48d3-b1b9-a18e10e0e228,regulator_token::system,report.status_changed,87010a73-ecea-47be-9b6a-345b780bd4c5,2026-06-23T22:34:38
3bcc9a2a-a641-4ec2-a5de-84e3df67a99b,regulator_token::KL-06,report.status_changed,41bc66be-6294-4d9e-989e-40036b481b64,2026-04-29T07:19:17
8c323587-17c8-4795-9225-8886f07777c3,regulator_token::MH-02,regulator.verdict_reviewed,74ea1e6a-c68c-4041-8d0b-bae1f9a71102,2026-04-15T18:19:04
df7fe14d-293a-417f-a940-419ebe143500,regulator_token::KA-01,dispute.status_changed,60cb2bea-18b8-4fce-867a-aa4368ae88ea,2026-04-21T11:06:58
f1d7194f-9ff7-4014-9d4d-2717f5e72822,regulator_token::GJ-04,regulator.verdict_reviewed,n/a,2026-04-27T15:43:33
b4a8fcce-89b8-4a00-afa3-0ccfb16f169f,regulator_token::MH-02,dispute.status_changed,5f43343f-df5c-4640-b217-054b02843e63,2026-04-07T09:10:19
ad7f3d14-eacd-4efa-b0cc-8350458f7210,regulator_token::system,report.status_changed,2f896b66-3c69-4c30-a480-649daa900e96,2026-09-12T15:01:08
f8408913-b6e4-4d62-ae26-6e51a6e7c9da,regulator_token::KA-01,report.status_changed,56025b75-af7e-4bd4-aa49-49b598555718,2026-04-30T21:17:03
3e896478-c65c-4d44-8e78-77af5ca2c9b8,regulator_token::system,regulator.login,f4df8669-3603-48ee-9dc7-2627dca5bcea,2026-08-31T19:26:08
bd6174a2-3978-49a1-a9e9-4ff260210fd8,regulator_token::system,report.status_changed,de0d109b-7b82-43bc-806e-e463b4511b35,2026-07-12T14:22:26
12b26d57-fc7d-472e-ab63-bdecb7f8bb17,regulator_token::GJ-04,dispute.status_changed,b34884a5-1723-4d16-81db-54a058ed76ae,2026-07-28T10:08:02
f88123a3-be2e-496e-98f6-6eebdaa73893,regulator_token::TN-03,report.status_changed,3c23a33a-573a-4a6e-83fa-e0615466bda7,2026-01-04T17:53:03
7f7dbcc8-31a5-4df5-8243-8aed6013fcad,regulator_token::system,report.status_changed,2f896b66-3c69-4c30-a480-649daa900e96,2026-06-12T03:55:10
ed4298d6-bc00-4893-8d66-93b568e1e63e,regulator_token::GJ-04,dispute.status_changed,e442ed74-18b2-41b0-8d1d-e3abe623384c,2026-03-25T17:57:15
c5398276-5c89-4455-98b3-556b6e73bcc5,regulator_token::system,regulator.verdict_reviewed,7d9c226c-b8d0-4310-a3f8-f41941aecf5d,2026-08-10T13:24:06
e8226839-2981-4ae0-920b-533e812084b6,regulator_token::MH-02,dispute.status_changed,c10c5524-47db-4f33-bd1c-06b9a286469b,2026-01-06T13:59:56
adceabbd-fc50-4d8a-a718-d6833567c7c1,regulator_token::DL-05,dispute.status_changed,89cd0e92-a226-43fa-9f1c-d47415ab1d9b,2026-09-10T13:06:52
31a78c3b-86b7-46f6-8d07-69058fd000f2,regulator_token::GJ-04,regulator.login,1a970c28-a9d6-4169-9ff0-6a73cbbc16d9,2026-02-02T19:31:34
b49f8455-0040-46a5-8ce0-08aac59ac203,regulator_token::DL-05,regulator.verdict_reviewed,e36c2d2e-2f34-4f14-a595-de9a36c630c9,2026-07-12T16:42:56
c6c62fae-92e1-4639-b20d-6eb89663f1e2,regulator_token::KL-06,regulator.verdict_reviewed,n/a,2025-12-31T07:37:53
c9f9a374-08a7-4fc6-80c4-80d8f418fea5,regulator_token::MH-02,regulator.verdict_reviewed,4fb52be7-c559-4a8b-95cb-72be6babd7d1,2026-02-18T15:15:13
525362a8-6f76-4c42-95b9-1c36950ad6e9,regulator_token::system,dispute.status_changed,877bef17-08da-4f34-9d8d-cac83fa453a7,2026-02-02T13:39:31
798f7017-63bb-4fca-8c80-ac459a17af42,regulator_token::GJ-04,regulator.verdict_reviewed,n/a,2026-03-20T19:51:57
4549dd53-6e3f-4226-9439-03bde936d7f0,regulator_token::KL-06,dispute.status_changed,89cd0e92-a226-43fa-9f1c-d47415ab1d9b,2026-04-29T17:17:05
392836c3-166d-4355-9b71-5e097da589f1,regulator_token::MH-02,report.status_changed,0159c897-3747-4f93-8082-f82cc128949d,2026-06-17T11:42:51
4a05da14-c62e-4ceb-aa49-ce1c10736052,regulator_token::KA-01,report.status_changed,beaa234b-1b5f-4375-8b2c-5f1c74048c82,2026-01-21T13:56:13
16d9cc1d-39de-4c2c-9823-df212e3bf93d,regulator_token::DL-05,dispute.status_changed,d69522f5-c326-4dd8-9a48-f55117a979fc,2026-05-15T16:56:48
56fd1e35-cc90-44d4-a675-6e7180313773,regulator_token::DL-05,regulator.login,5baaa43f-29df-4d3d-bf91-dfc42ca6531f,2026-07-20T12:19:12
ddea772e-2d77-4c20-9bdc-a7a9a081544c,regulator_token::MH-02,dispute.status_changed,e006f815-a447-4928-b764-a70de256133e,2025-12-01T02:08:40
549adeae-b68f-43e1-bf4b-23599ce7d7a0,regulator_token::system,report.status_changed,87010a73-ecea-47be-9b6a-345b780bd4c5,2025-12-24T20:44:56
bd110cc0-d512-494f-a3d0-4a8eebeee73e,regulator_token::MH-02,dispute.status_changed,d69522f5-c326-4dd8-9a48-f55117a979fc,2026-07-10T10:05:17
0fce515b-265f-4f72-ac8b-cd9d88647c05,regulator_token::KL-06,report.status_changed,3b3adaaf-c733-498c-8c70-d981b5f6eaf0,2026-04-07T12:58:19
91be03da-0f16-4ab5-827c-9100d85e008a,regulator_token::system,regulator.login,c5befecf-7f77-4d64-934f-e2b1da1137c7,2025-12-07T17:29:13
bcd6e76b-3a0a-4893-af52-63604686f92b,regulator_token::KA-01,report.status_changed,859e02c5-23cb-4993-8c72-89e54acb303f,2026-03-04T14:48:38
5535cf99-9246-4237-9743-c7c1d6e7ac3d,regulator_token::GJ-04,report.status_changed,d40257d7-561f-48a5-a644-dd3e2b182f01,2026-03-01T09:04:58
70b241b1-7f63-4cb5-8eae-3e76fc8506f6,regulator_token::MH-02,dispute.status_changed,6bd2948d-f36e-46ee-be78-42253b5693b9,2026-02-09T12:44:18
98ccffce-8613-4fc9-9b60-e23c869f1d5d,regulator_token::MH-02,report.status_changed,e3b8ea91-cd26-485c-800f-9b304e256f36,2025-12-15T04:18:54
8c09714b-27a4-4e39-964f-32a29b9ae92c,regulator_token::KL-06,regulator.login,5b1b5fc0-2edd-439e-9e2e-6ab1d6374f12,2026-06-02T16:18:57
94bb037b-d77c-4ccb-9762-d4a2b9b5a452,regulator_token::TN-03,dispute.status_changed,639f428e-90cf-471b-afe8-b469a2d78403,2026-01-03T10:16:26
dcbe0ad5-6c6c-4b06-b3fa-4e7139fa1c42,regulator_token::GJ-04,report.status_changed,6bf08a6b-2052-471d-a6c7-47b7d19a8b2e,2026-06-16T17:55:17
157c410c-28cc-4f8c-9283-81cf19c3c0fa,regulator_token::KL-06,dispute.status_changed,e442ed74-18b2-41b0-8d1d-e3abe623384c,2026-05-14T15:42:06
78db488c-f4ab-4907-80ca-6f0a1107505d,regulator_token::TN-03,dispute.status_changed,05584c27-c73b-4105-9437-7a6fdcf7e498,2026-08-02T16:23:48
52231f8c-60e3-4e57-bd5f-b761da027b8f,regulator_token::KL-06,regulator.verdict_reviewed,1f515158-6986-437e-96e0-75a8119b8c38,2026-06-27T11:13:23
87075bb2-c569-486a-871e-141ab1cf9fde,regulator_token::DL-05,report.status_changed,4949a275-08ab-4d38-8ed2-d9574eb614b0,2026-08-13T11:35:10
a619423e-d49c-495e-af6c-edc0523541d2,regulator_token::KA-01,regulator.verdict_reviewed,n/a,2026-04-26T17:27:10
cdd007a8-e7ea-472a-afc5-e93a3d4195f2,regulator_token::TN-03,regulator.verdict_reviewed,3bdc5d9a-3127-47eb-8c70-d474cbdea25d,2026-07-12T06:21:06
9fffbea1-c5a2-427b-821b-58b9a69463ee,regulator_token::KL-06,dispute.status_changed,639f428e-90cf-471b-afe8-b469a2d78403,2026-01-27T13:58:15
2c2170a4-2eac-4f96-9ec1-390f85305b6f,regulator_token::DL-05,regulator.login,n/a,2026-05-21T20:57:28
103aeabc-5669-4230-a162-5d45535a2baa,regulator_token::TN-03,report.status_changed,5490dc21-27d2-4490-915e-1f27a1275c0b,2026-01-04T14:26:32
3e46f16a-8529-42fe-b66a-349fd11b0506,regulator_token::KL-06,regulator.verdict_reviewed,n/a,2026-09-12T15:05:23
a0379052-1ba4-4ddf-8a03-f945b169954c,regulator_token::MH-02,report.status_changed,f20e0b27-cd2d-4b27-af7b-a3989233cc59,2025-12-18T17:30:37
4d0e566a-d9e5-4252-b31e-2857f3f75d96,regulator_token::TN-03,regulator.verdict_reviewed,n/a,2026-06-01T18:18:47
e9513e72-0eeb-4591-9c29-448c36b78a68,regulator_token::DL-05,regulator.login,n/a,2026-06-30T18:09:00
61865731-dd85-4c38-866f-3ad72c0b476a,regulator_token::KL-06,regulator.verdict_reviewed,c3b2d72c-fe26-48a4-a9c6-0ea735732978,2026-04-15T17:36:33
dc7076aa-716e-487d-ab5e-be35f1271dbc,regulator_token::TN-03,dispute.status_changed,7a68c755-2bb8-4e24-b366-926689324973,2026-09-03T10:58:12
23357898-8402-4d77-a61b-8584aa2e3473,regulator_token::system,regulator.login,561da22e-99bb-44e4-8e00-7ce9ee38c600,2026-08-29T17:33:36
eebbd99a-e612-40af-b08c-69bb2fb6102c,regulator_token::DL-05,report.status_changed,f7d2d1e5-77c2-4f1e-a66d-9e0378ca5f3d,2026-09-03T11:56:16
8ae227d8-31c7-429d-8578-d7dfb51671ec,regulator_token::GJ-04,dispute.status_changed,1c953e45-6b96-45a1-bc7d-6b5191aca028,2026-01-22T05:20:03
03ab0c06-453f-4007-b32c-dd32d09228bf,regulator_token::MH-02,regulator.login,n/a,2026-04-10T15:38:10
3d63cb27-177c-4481-a5de-6f372c2c4826,regulator_token::MH-02,report.status_changed,e02a9c18-6362-4935-a3a5-d149a89ec4ce,2026-09-04T09:57:43
b527307a-07cc-4092-8437-416c387e94dd,regulator_token::KA-01,report.status_changed,e86fc867-57f7-4ad7-975d-e3e5ed4d0e79,2026-07-10T17:09:43
1a8771f7-5f1e-4fed-8f8a-5df54c562f33,regulator_token::system,regulator.login,f3dcd585-56d4-4c72-b69f-5e4525ba95db,2026-03-17T15:32:20
be843247-9c06-459c-8103-7a6934997385,regulator_token::KA-01,report.status_changed,91bb226d-848a-4c23-b0a6-f3e50fc6e830,2025-12-07T10:21:58
8dc4b7d7-820e-415e-9675-db7eefb99eee,regulator_token::system,dispute.status_changed,f2582ca3-47cd-41c3-b948-274aa1f55a49,2026-07-14T11:37:13
7c1a9e19-fd44-4045-bd5b-50521f5b784a,regulator_token::TN-03,dispute.status_changed,60cb2bea-18b8-4fce-867a-aa4368ae88ea,2025-12-23T14:45:28
d9f8fadf-cf2d-43f5-b61d-d2d4d2b4b03a,regulator_token::MH-02,report.status_changed,0141b17f-a9e4-4c79-b2ee-01d0af737795,2026-08-17T10:42:47
f34c5c22-d1c8-4674-b20e-b92a2451bc33,regulator_token::TN-03,regulator.login,n/a,2026-08-21T17:41:13
81b5351e-f405-4ba6-bbe9-d02fb0d94a1d,regulator_token::KL-06,report.status_changed,474d2603-f2e2-4771-a9c1-b2950856f597,2026-07-22T15:38:26
4ace548f-7c56-442a-b46c-5cf50942c57c,regulator_token::DL-05,dispute.status_changed,92ca9269-f5d6-4597-a5d9-c5dfa7d9be57,2026-04-14T09:37:14
9cf4e9dc-57b5-43f2-808c-f6b830b7b6dc,regulator_token::DL-05,regulator.verdict_reviewed,n/a,2025-12-11T22:17:09
03835221-d82c-402c-b75c-0994dcfbd03c,regulator_token::KA-01,report.status_changed,7054f7f2-f91e-42cc-86c9-d8ffddb0902c,2025-12-14T22:30:33
47e46433-5cb1-4779-b77d-3f2d7cb9be58,regulator_token::DL-05,dispute.status_changed,877bef17-08da-4f34-9d8d-cac83fa453a7,2025-12-25T18:50:41
9a8f8fc8-42f2-410b-953d-0c5f986734ea,regulator_token::DL-05,report.status_changed,e0b7361f-25c9-437e-8ef2-af3813771fb0,2025-12-25T15:24:19
a023654a-a755-443b-8757-c063c9ed8dd8,regulator_token::TN-03,dispute.status_changed,7a68c755-2bb8-4e24-b366-926689324973,2026-07-16T19:52:01
eb603df5-2b0c-4de2-84f5-5f2909a4cd67,regulator_token::MH-02,dispute.status_changed,228d6adf-4ac9-4ff6-9396-caf4c0c5de26,2026-03-30T10:57:21
31413b44-fc69-4c45-9bf3-3caa22178861,regulator_token::GJ-04,report.status_changed,e02a9c18-6362-4935-a3a5-d149a89ec4ce,2026-06-12T09:58:01
9ecc2695-6022-4d00-9982-2282b1988f13,regulator_token::DL-05,report.status_changed,5c5c4c1f-8ffa-4f20-bbb5-457bce4ba6d4,2026-01-04T08:41:44
0e413889-d236-4a42-8d1c-f5ed9c9304d0,regulator_token::KA-01,report.status_changed,a3b14f02-d9e0-4072-963b-eae3a6326b66,2025-12-17T13:09:19
09bd2118-4b94-48e7-b156-cf94cd6e0102,regulator_token::KL-06,report.status_changed,71ad5c7f-c983-423e-9c6a-82572d71fcc4,2026-04-16T21:11:32
ffd6fb15-dfa7-4004-8c6d-5cd0f4ced04d,regulator_token::system,report.status_changed,f4df8669-3603-48ee-9dc7-2627dca5bcea,2026-08-31T08:42:29
a55a13d2-f018-42e9-9801-1b976e536834,regulator_token::GJ-04,regulator.login,n/a,2026-09-04T08:15:29
0cf3909b-6568-4702-8c2a-e49e0b88e28b,regulator_token::KL-06,report.status_changed,e3f55f7f-4892-46b4-9d0d-7290e6d057be,2026-03-23T17:29:32
d4cfc08c-b6c4-4cb6-b7f0-946e2fdb2898,regulator_token::DL-05,regulator.login,1a970c28-a9d6-4169-9ff0-6a73cbbc16d9,2026-07-27T11:30:30
8bc054db-c4be-4242-95fd-f44c287bacfb,regulator_token::KL-06,report.status_changed,88c2ae7f-f74e-49d8-afad-6c9da1103e37,2026-08-20T15:43:50
6def6083-db3e-4cc5-abad-f5d003454e63,regulator_token::KA-01,report.status_changed,552d03fa-201b-41ec-865a-895e37ff3887,2026-04-09T11:00:55
e1e508b3-7120-43f5-a386-adf940b3bf68,regulator_token::KA-01,report.status_changed,eab559d1-fed6-4ed1-ae56-c71939786d5e,2026-02-13T17:46:19
52260504-c972-45a8-9417-8cfa6e99a9bf,regulator_token::KL-06,report.status_changed,5c5c4c1f-8ffa-4f20-bbb5-457bce4ba6d4,2025-12-03T09:57:15
037fa31f-4852-4ec7-a883-03bc14deb743,regulator_token::DL-05,regulator.verdict_reviewed,43ba4693-5ee6-4e6c-86fd-b86a50bb6166,2026-01-23T20:10:54
83913301-ae89-4984-a549-256ff37e48bb,regulator_token::DL-05,report.status_changed,a68d3198-560b-4172-b5a0-f276ebfbaa19,2026-06-23T18:45:08
3da5a156-dd89-470c-bf4b-d062b6de44a0,regulator_token::MH-02,regulator.login,6bf08a6b-2052-471d-a6c7-47b7d19a8b2e,2025-12-22T15:24:09
f5506325-7b6e-412d-a67e-e331da1d2a02,regulator_token::TN-03,regulator.login,9e93473a-315f-4efa-aad5-5ea3ac213b2c,2026-02-14T11:12:37
f05fdf00-90de-4d24-bd00-99f794c15b4a,regulator_token::TN-03,regulator.login,n/a,2026-05-17T18:40:03
2fba85ed-5b49-423a-a2a8-4f28df99be60,regulator_token::GJ-04,regulator.verdict_reviewed,a2286b7e-884a-4d79-8cdd-9f3a55ae9a88,2026-08-14T10:25:34
41e2f5bc-174b-47ce-bd78-6b97a325e676,regulator_token::TN-03,report.status_changed,c5befecf-7f77-4d64-934f-e2b1da1137c7,2026-02-05T13:28:09
28f850f4-6f5e-4515-aac8-e6afd7a1e3ef,regulator_token::DL-05,report.status_changed,3b77c799-a5bf-4c30-8ada-d3fd36b654aa,2025-11-30T19:50:01
bef641d9-8b5c-437c-8e26-16ead0406ce6,regulator_token::GJ-04,report.status_changed,1a970c28-a9d6-4169-9ff0-6a73cbbc16d9,2026-06-07T07:22:12
1c32ea95-474c-4556-b56f-52f2ba969bc5,regulator_token::system,report.status_changed,7054f7f2-f91e-42cc-86c9-d8ffddb0902c,2026-02-20T10:43:23
ba7e312a-b4f5-4914-a379-c4797fc1963f,regulator_token::TN-03,regulator.verdict_reviewed,c5befecf-7f77-4d64-934f-e2b1da1137c7,2026-04-27T13:32:32
01cab3f6-d7c3-424e-a73b-40e2b8449fe7,regulator_token::TN-03,report.status_changed,e267fae2-8e94-486f-993a-0a3f2887fda3,2026-07-28T19:57:10
bb1fa9b0-5483-4df4-a45f-d63628e91043,regulator_token::KA-01,report.status_changed,5a4b4398-e89b-46d3-a8a3-ed6331c49ce7,2026-07-05T14:43:04
96445346-3abf-44fe-9291-6ce09153100f,regulator_token::TN-03,dispute.status_changed,89cd0e92-a226-43fa-9f1c-d47415ab1d9b,2026-09-08T09:07:00
33545da9-4656-41e8-8052-4a7ea50bf28e,regulator_token::DL-05,report.status_changed,da1cf1bf-4780-4747-a606-d05605c8b6f1,2026-02-22T14:02:50
0eebd63f-6fdb-4966-b788-f33c9ebbc7ad,regulator_token::KL-06,regulator.login,e0b7361f-25c9-437e-8ef2-af3813771fb0,2026-04-17T09:59:16
a5ee3295-3e11-4932-9eb4-34bb91e0ad7f,regulator_token::system,regulator.login,8a706165-004b-494f-9e64-722cbc972120,2025-11-26T14:06:06
2d277ff4-777d-415f-b8fc-cd34c434b291,regulator_token::TN-03,regulator.login,n/a,2026-05-14T12:19:18
4114f501-a6bd-46ad-95e5-d776ed056a84,regulator_token::system,report.status_changed,9e93473a-315f-4efa-aad5-5ea3ac213b2c,2026-07-25T17:20:27
9669b910-5187-4fec-9642-e83fae27f07a,regulator_token::GJ-04,dispute.status_changed,d8563887-5f4a-4476-b046-ed092fd4ccf8,2026-02-14T18:51:10
23d9118f-cd14-4dac-b37a-9513f0db2236,regulator_token::GJ-04,dispute.status_changed,6bd2948d-f36e-46ee-be78-42253b5693b9,2026-05-14T12:26:55
6584a9fc-810d-4b91-93f4-ef5d4f71ac1e,regulator_token::TN-03,report.status_changed,8d4798d3-968c-494e-a32a-e4df8c5814d3,2026-04-15T13:44:35
a75beab0-f89f-41d9-ac24-56ce9c84eff0,regulator_token::system,regulator.verdict_reviewed,da1cf1bf-4780-4747-a606-d05605c8b6f1,2026-08-01T04:01:20
8704d6b4-751f-4a59-947a-56262be997f1,regulator_token::DL-05,report.status_changed,fec94e02-0a23-429a-b28d-83fdb4de37cf,2026-05-29T11:38:15
d920d6ee-f929-4f1f-95e6-d34e0f3514a8,regulator_token::system,dispute.status_changed,7f5532c1-41ee-4b58-a16a-1aa1ed7629f5,2025-12-14T08:02:45
c41f47d8-77d3-4adb-889f-8e2fcf9c1873,regulator_token::MH-02,dispute.status_changed,5f43343f-df5c-4640-b217-054b02843e63,2026-02-21T12:42:14
13ce449f-a507-4ba6-b998-410b67077530,regulator_token::KA-01,report.status_changed,d6e463f8-0724-4bfa-8110-a1ed9e857d61,2026-01-16T15:11:22
55bfd378-4fbb-44d1-b93f-778d622b2515,regulator_token::KL-06,report.status_changed,9a4dadfe-a329-447c-a7a2-e722e6877e60,2026-06-15T15:40:14
bd19d3d0-3e72-4958-b1b8-9355e5135cdd,regulator_token::DL-05,report.status_changed,5617b56d-dbfd-43ea-ba24-a98d418f035a,2025-12-10T11:44:53
0ca9d3a3-866a-4ead-acea-eb5e9c4dc867,regulator_token::DL-05,dispute.status_changed,7f5532c1-41ee-4b58-a16a-1aa1ed7629f5,2026-07-19T13:28:01
fcf93195-6e5d-44f7-81e0-7585a55e2fbc,regulator_token::MH-02,report.status_changed,4be52361-90a9-4332-b209-224db6400e13,2026-05-04T06:08:26
b438f1c5-21a9-4714-9e6e-b42851793a85,regulator_token::KL-06,report.status_changed,4be52361-90a9-4332-b209-224db6400e13,2026-01-20T08:00:57
c06bffd1-4770-451d-ba7e-d5e0ef7655a0,regulator_token::DL-05,report.status_changed,c2fe45a6-0e41-4ebd-9634-008ab5c6d11f,2026-01-27T16:10:08
4c26b860-c0cb-4cf4-bb4a-bf5a52b4109c,regulator_token::DL-05,report.status_changed,a2286b7e-884a-4d79-8cdd-9f3a55ae9a88,2026-08-26T20:51:57
5116f431-83b9-4d7b-b1c4-0eed5c142f9b,regulator_token::system,report.status_changed,75292911-0ac7-456c-a2db-6d7b14b0a565,2026-01-25T14:43:50
2055cfc1-c930-46c0-b5f4-56397cacdea7,regulator_token::KL-06,dispute.status_changed,7f5532c1-41ee-4b58-a16a-1aa1ed7629f5,2026-06-03T16:46:12
adb49f12-f9d7-4895-9676-8e1edf3ef0be,regulator_token::TN-03,report.status_changed,b4714cd0-5306-4a43-97d9-832d4b59b43a,2025-12-09T16:39:42
99bfb64f-7d87-49ff-bd5c-c72b06ef03e8,regulator_token::DL-05,report.status_changed,5316603a-285a-43e0-8b8b-691b067880ff,2026-04-15T16:57:16
a1858dc5-aba9-484e-8fac-43b6c60bdf99,regulator_token::GJ-04,dispute.status_changed,89cd0e92-a226-43fa-9f1c-d47415ab1d9b,2026-04-16T04:23:46
458a7b56-3130-4b90-9200-d433d2398962,regulator_token::KL-06,regulator.verdict_reviewed,c5befecf-7f77-4d64-934f-e2b1da1137c7,2026-07-04T17:15:28
6164c764-448f-4fe0-9bf3-bac7d3326011,regulator_token::GJ-04,report.status_changed,0ea90ce1-d4e7-42be-b48f-8536f62c972f,2025-12-16T09:57:16
16b34f1e-3935-4bcc-aed4-9a3ab38eef3e,regulator_token::MH-02,dispute.status_changed,228d6adf-4ac9-4ff6-9396-caf4c0c5de26,2025-12-02T18:24:28
442ef8f9-f850-4795-9670-8255dd11bc01,regulator_token::system,report.status_changed,9bcfd7cc-87d1-4fd2-b5fa-55cee8da6809,2026-04-16T19:48:02
ff752422-6716-4124-ac8a-9d5e3dd9f295,regulator_token::MH-02,regulator.login,3069f0d2-ee48-4f0e-8b64-668d236f1e02,2025-11-30T09:02:37
ce95441e-6235-445d-bc68-2af8e7206c59,regulator_token::DL-05,dispute.status_changed,228d6adf-4ac9-4ff6-9396-caf4c0c5de26,2025-12-24T15:25:56
6066bffe-4f60-42c9-b2b7-c46465aae963,regulator_token::GJ-04,report.status_changed,30635ac8-9433-4f64-8e67-54ffc2b45183,2026-06-07T17:10:43
5483fa92-2d0d-4530-aaeb-206d2f0b0b4f,regulator_token::system,report.status_changed,3a828a5e-bd7b-4581-b9bd-e786bbf19cf6,2026-01-09T09:56:05
b7c1c60d-aaf5-4c95-b2a3-92e8c387de13,regulator_token::MH-02,report.status_changed,e3f55f7f-4892-46b4-9d0d-7290e6d057be,2026-02-06T16:19:54
30384fb9-38e2-4b38-a2b5-073a23fcb79c,regulator_token::TN-03,regulator.login,a692114d-1392-464f-881c-6721b490ba35,2026-03-25T11:30:08
2e9119ae-5876-4d3a-b930-2570c92c3015,regulator_token::GJ-04,regulator.verdict_reviewed,n/a,2026-08-23T14:35:40
13f4b30d-cb72-4f26-9277-d367d5ebd437,regulator_token::system,regulator.verdict_reviewed,2f896b66-3c69-4c30-a480-649daa900e96,2026-01-20T20:34:22
9652457e-347f-46bf-97ab-9e75eff9c225,regulator_token::TN-03,report.status_changed,0141b17f-a9e4-4c79-b2ee-01d0af737795,2026-07-15T19:54:31
deda0f02-ca5a-4113-993c-07b53b2f3408,regulator_token::GJ-04,dispute.status_changed,89cd0e92-a226-43fa-9f1c-d47415ab1d9b,2026-04-14T09:33:12
