id,product_code,batch_number,manufacturing_date,expiry_date,manufacturer,dispute_status
c0ac3343-5b38-4d53-ab39-0cf2020e83b3,8903443533184,AX2291,2026-03-05,2028-03-31,Amrutha Drugs Ltd.,none
b17a313a-174b-4a1f-8d60-f9e6964f73c0,8907444651473,BQ7743,2025-09-16,2028-05-29,Sanjeevani Formulations Pvt. Ltd.,none
b02733ab-044c-4aee-99eb-944626d6e20c,8909065355911,CT5510,2025-03-11,2026-09-18,Suraksha Pharmaceuticals Ltd.,none
f64d9ccb-a6fc-4cd6-b30e-30adc74ccf5f,8906631628447,DR8820,2025-04-14,2029-08-28,Sanjeevani Formulations Pvt. Ltd.,none
a1afd819-1209-49b9-82c0-59164ff54fe0,8909430944205,EN3302,2023-10-06,2025-11-06,Alembic Pharmaceuticals Ltd.,none
90279a30-2418-47ac-9234-fc2ea8927d3f,8903443533184,FM9184,2022-07-14,2026-07-07,Amrutha Drugs Ltd.,none
920554a4-576e-4b36-bf92-c7b115da4b0f,8900523898688,GH6625,2026-01-08,2030-01-19,Suraksha Pharmaceuticals Ltd.,none
22c796ca-4c4f-4225-a913-aeebb853123c,8906631628447,JK4471,2024-12-19,2026-07-23,Sanjeevani Formulations Pvt. Ltd.,none
04d3b178-8019-4556-a700-a974a28be08f,8903443533184,LP2098,2025-12-14,2028-07-26,Amrutha Drugs Ltd.,none
2056347b-3473-4f0d-8518-95afd7d0c7c6,8905140837385,MQ7756,2026-07-06,2029-12-01,J.B. Chemicals & Pharmaceuticals Ltd.,none
a80ee53e-e832-49b4-952f-58ffc2c14c96,8903972376374,NS3340,2024-11-22,2029-01-20,Wockhardt Ltd.,none
58678083-f690-4d4a-b16e-1776f22ee465,8901213895693,PT8813,2025-04-17,2028-03-31,Nirmala Biotech Pvt. Ltd.,open
1b36e1ac-23c9-46a5-bab3-4d1b17e627bc,8907651954380,RV5567,2025-04-13,2028-05-11,Bhoomi Remedies Pvt. Ltd.,none
d3f38059-aadd-4b1e-9913-e32a3f9bc267,8907444651473,SW1123,2024-12-08,2028-03-28,Sanjeevani Formulations Pvt. Ltd.,resolved_overturned
1f103ef4-b9ef-4bb2-a017-7f0a8d4a1f60,8900471959291,TX6690,2026-02-05,2028-06-18,Meridian Formulations Pvt. Ltd.,resolved_upheld
2d9f3552-a9c2-4b34-a8f2-57fb4d805156,8901936426455,LOT24D439,2025-05-26,2028-02-04,Glenmark Pharmaceuticals Ltd.,none
4b1a4576-d395-4f51-8624-a687f21ee040,8902260951139,XY1521,2025-02-25,2028-05-25,Mankind Pharma Ltd.,none
64f7038b-ae08-4a12-92cc-7b2edaf23702,8907684236474,LOT24A711,2025-07-17,2029-12-27,Dr. Reddy's Laboratories Ltd.,none
dd64070c-dccd-4e13-98fb-acc36023e1ae,8900001499706,24087816,2022-11-07,2026-04-05,Micro Labs Ltd.,none
f92c83a0-61fc-4e53-959c-09a171c5ea6e,8908995169817,LOT25A315,2025-06-04,2027-06-21,Girivan Pharmaceuticals Pvt. Ltd.,none
a4c82cde-f60f-43e0-883c-2325d9ea021e,8909807559534,LOT26C626,2024-10-28,2029-02-12,Cipla Ltd.,none
311cb1e3-f4d1-4393-8c0a-d718c875ceb5,8903280387266,26123737,2026-07-20,2029-03-15,Dr. Reddy's Laboratories Ltd.,none
60c06bce-ddf5-41a1-b164-cd920bf5e8f6,8902993146925,LOT26G721,2025-08-15,2027-05-02,Wockhardt Ltd.,none
ab155dcc-ea72-4c7e-836f-4af72f167282,8901506705318,25072386,2026-04-07,2028-01-13,Natco Pharma Ltd.,none
90a07cdc-3ae7-4a35-bf00-2064be6c1856,8909352684043,25019671,2024-12-11,2028-06-12,Zydus Lifesciences Ltd.,none
cdf6580c-2035-4343-bc59-f9c744bf4c4d,8902941165461,LOT26C617,2025-02-27,2027-07-20,Sun Pharmaceutical Industries Ltd.,none
e21d8776-af56-48c3-89bc-a9a38c583237,8902527998151,JE4109,2026-04-06,2029-05-02,Ipca Laboratories Ltd.,none
e61826f9-465e-48c4-bb64-e92a70415342,8909873411325,ZD8998,2024-10-10,2026-11-28,Eris Lifesciences Ltd.,none
cf00175b-2f62-4cc7-b77d-c0f808bf484d,8901213895693,AR2414,2025-07-08,2028-11-13,Nirmala Biotech Pvt. Ltd.,none
29ec5ded-53ff-482c-9711-34e2ca1b6cb9,8902334315255,UP3209,2026-03-08,2029-12-25,GlaxoSmithKline Pharmaceuticals Ltd.,none
147a9e07-f3ae-431b-8a61-e020d0f6826a,8909430944205,LOT24H122,2026-03-25,2029-05-02,Alembic Pharmaceuticals Ltd.,none
e4751eb0-35f8-4d28-99de-fda93777a1d6,8901179453447,25026333,2022-09-29,2025-01-03,J.B. Chemicals & Pharmaceuticals Ltd.,none
0cd8a71c-2ea6-420f-98d7-8bac2d446cd5,8907684236474,LOT25G889,2025-07-04,2028-06-20,Dr. Reddy's Laboratories Ltd.,none
e06ca0c4-79a1-4ce2-98d3-48b37f96c5a1,8901179453447,NL5377,2026-02-22,2028-05-08,J.B. Chemicals & Pharmaceuticals Ltd.,none
85912810-9b15-4f09-8a78-9f54a74f31ef,8901442334331,DY5511,2026-07-31,2028-01-17,Alembic Pharmaceuticals Ltd.,none
eb2d6313-85c5-4478-8cb5-bf9cb82f000f,8905835677909,LOT26H952,2024-11-18,2029-05-24,Bhoomi Remedies Pvt. Ltd.,none
0d54ad02-9d4d-4301-a55a-b5b0fc99c971,8907877908912,LOT24E420,2025-03-07,2027-11-18,Intas Pharmaceuticals Ltd.,none
0e7ad565-f19f-44c3-9e49-95268be8c3ca,8909873411325,25102049,2026-07-18,2030-08-08,Eris Lifesciences Ltd.,none
39b71555-0a52-46e6-99cb-2d8849f46eac,8904772360610,LOT25A675,2024-12-07,2027-07-21,Glenmark Pharmaceuticals Ltd.,none
30dac2ad-1b6a-4432-80d5-1e378163962b,8900001499706,RP9668,2025-09-11,2028-07-03,Micro Labs Ltd.,none
39700ede-bac9-439f-89bb-f6039004b15b,8904047855131,PC5596,2025-04-06,2028-12-01,Alembic Pharmaceuticals Ltd.,none
6161d288-edb8-4b62-9791-8ab1607c5947,8905067392604,25099211,2026-03-25,2028-06-20,Intas Pharmaceuticals Ltd.,none
991f2775-9e39-43f2-a532-0e8575b1c134,8901228543833,NW3099,2024-09-25,2028-10-17,Lupin Ltd.,none
df8f3c84-7b8a-4fcc-8e2d-8cfe1cce8e31,8901264866977,LOT25C750,2025-09-13,2029-02-22,Emcure Pharmaceuticals Ltd.,none
a947a0d7-4fd9-48b7-813b-2285abe4a57c,8903453348821,24122139,2026-01-19,2028-04-11,Wockhardt Ltd.,none
014e7ef3-d422-48fc-aa1a-fdd30d5637d0,8906047361152,LOT24H348,2025-04-28,2028-10-29,Piramal Pharma Ltd.,none
9ba40161-5a93-4d73-8431-3b783c341108,8902260951139,LOT25C218,2025-06-20,2026-11-21,Mankind Pharma Ltd.,none
865274e5-98b0-45a4-a92b-c15b0c44f971,8901475352413,LOT24A269,2021-02-19,2025-01-28,Eris Lifesciences Ltd.,none
25688dd6-8e9c-4892-bf8a-d40586c08a9e,8903504169052,TQ3842,2026-07-30,2030-07-18,Alembic Pharmaceuticals Ltd.,none
d16eaad2-e8ed-4cfc-884b-d97bd207724c,8901475352413,NJ6473,2026-03-23,2029-09-06,Eris Lifesciences Ltd.,none
9a2ee1ce-52e9-4377-816b-76abb64cc73e,8906113462677,JV2905,2025-01-24,2029-12-23,GlaxoSmithKline Pharmaceuticals Ltd.,none
a0b6d1f6-e8aa-4530-84af-eeb0ce164103,8902447939089,CM6493,2025-01-02,2028-02-20,Torrent Pharmaceuticals Ltd.,none
6f31d69c-b9ce-4d86-9282-8fa10d7a7507,8909807559534,25091379,2024-10-27,2029-03-04,Cipla Ltd.,none
7e66d9c5-2ca0-463a-97b4-de103ae7e2e7,8904477882870,KM3535,2025-01-12,2029-03-19,Indoco Remedies Ltd.,none
f7e4d16c-fccd-48da-a2c7-b6779766f9c3,8902183033258,26073593,2024-12-10,2027-08-20,J.B. Chemicals & Pharmaceuticals Ltd.,none
5399a52a-c1ad-4eab-8ffe-e813ac6bfd3a,8903504169052,SC0887,2026-08-03,2027-09-29,Alembic Pharmaceuticals Ltd.,none
47b9264d-9f76-4a5d-adfa-4986a09930b2,8907444651473,25101642,2025-10-15,2030-07-07,Sanjeevani Formulations Pvt. Ltd.,resolved_upheld
c10b8545-b974-4f4c-82ef-d29a06984b11,8906405574592,LOT24H440,2025-03-31,2026-12-07,Northstar Remedies Ltd.,resolved_upheld
f6aa72e6-2184-4602-82e2-e5d9836fd01b,8903280387266,LOT25A160,2024-07-24,2026-07-15,Dr. Reddy's Laboratories Ltd.,none
8b4096d8-d9cc-4418-a585-08c4c9b83718,8903280387266,LOT24A576,2022-06-25,2025-08-10,Dr. Reddy's Laboratories Ltd.,none
33c46f55-ae98-4fcd-84bd-7a1de6e18d0e,8905936743689,WE1206,2025-06-14,2028-01-28,Zydus Lifesciences Ltd.,none
70a28f29-dcf0-457a-99b9-c512db36d01d,8906712472899,26024914,2026-01-10,2030-08-09,Mankind Pharma Ltd.,none
15830e45-eddd-4a21-9d31-b6faa49a0be3,8904520635707,LOT25G685,2020-11-06,2025-03-30,Alkem Laboratories Ltd.,none
4ba36fb9-d7ad-478c-9f23-895659208801,8901402727471,25032105,2025-10-28,2027-01-27,Mankind Pharma Ltd.,none
ae4bf46d-550b-4efb-960e-cf34e672b378,8909873411325,GA8613,2025-06-08,2029-10-29,Eris Lifesciences Ltd.,none
cc31d448-3e23-4605-9859-59c241481c52,8902941165461,CY2568,2025-06-25,2028-11-12,Sun Pharmaceutical Industries Ltd.,none
4f94940f-bbdb-4f11-9798-f8c28cbde760,8906047361152,25079788,2025-03-27,2028-04-03,Piramal Pharma Ltd.,none
30cbca66-4820-467f-9ec3-cc52d4ef623d,8904313264691,EU7991,2026-04-02,2030-04-10,Alembic Pharmaceuticals Ltd.,none
5c4bb547-ad20-4541-b3b8-d50fd5458d06,8906816703415,AR8412,2024-10-07,2027-12-29,Northstar Remedies Ltd.,none
ca25d091-ef7e-4c42-aabc-736b558b1023,8901402727471,UW5645,2025-07-08,2028-01-06,Mankind Pharma Ltd.,none
d1c48540-6ff0-4bd2-b162-9ae68c9b5db0,8901795675954,LOT24A304,2026-03-28,2031-01-29,Aurobindo Pharma Ltd.,none
c093d304-189b-4c6b-afee-480d6120908a,8904942727187,25017579,2026-05-07,2030-05-07,Biocon Ltd.,none
ba552703-10a2-4a1f-9760-52aa47b0a5da,8902623846571,LOT24G813,2025-09-12,2030-07-06,Zydus Lifesciences Ltd.,none
6eff8b47-61c8-4d62-84a8-432f38324e71,8900151108194,LOT25F150,2026-08-24,2029-10-09,USV Pvt. Ltd.,none
9e233ff3-a20a-4168-84b7-6e5bc8fba122,8900138357454,ZJ8663,2025-10-13,2029-03-21,Micro Labs Ltd.,none
9c85a62c-a2df-47b7-9b5c-7e66296149be,8907651954380,FY6679,2024-10-25,2028-05-11,Bhoomi Remedies Pvt. Ltd.,none
9b3cb703-434d-416a-84b4-535c1e01f088,8903635461183,MC1018,2026-07-15,2027-10-22,Sun Pharmaceutical Industries Ltd.,none
e668a166-f876-499f-b39a-3310b8d99f85,8908336324249,LOT24H115,2025-08-30,2029-06-20,GlaxoSmithKline Pharmaceuticals Ltd.,none
6f71dbff-841d-4ce8-957a-007014cf2bfa,8901550734699,DW0138,2025-09-15,2029-04-27,Kalash Biotech Ltd.,resolved_upheld
a8246973-ef0f-4d63-931f-10bf3bb6077a,8904009648411,25015384,2025-10-26,2026-11-15,Kalash Biotech Ltd.,resolved_upheld
a5ae3d2b-a4f4-4e03-be73-11edf59d38e2,8904275270366,24096542,2025-11-14,2027-09-26,Alembic Pharmaceuticals Ltd.,none
1cbde692-3b6f-4486-9c6f-827e0ea8023e,8901636102071,BD1260,2024-12-20,2029-01-07,Mankind Pharma Ltd.,none
98e54982-6fe1-4d62-a3ff-b6e51d02bd1a,8903504169052,LOT26E291,2022-11-06,2025-12-01,Alembic Pharmaceuticals Ltd.,none
f133827a-c316-4229-a128-17a02a5cfb4f,8908773619281,25054978,2025-06-30,2030-04-18,Ajanta Pharma Ltd.,none
f8ef9a6b-d864-49b7-a133-c84349e70fc2,8900707956726,LOT24D233,2026-01-20,2029-11-05,Dr. Reddy's Laboratories Ltd.,none
ed9faeab-32d6-49f4-973f-9e4d05b942d8,8908428361777,LOT26B147,2025-11-15,2030-08-24,Alembic Pharmaceuticals Ltd.,none
dd3a7d49-d9cb-43c8-8b87-3cc0c62a13bc,8908794237475,SU9699,2024-10-26,2029-05-17,Wockhardt Ltd.,none
b1be75ac-9fa1-45df-aec1-5fc61ab9faa5,8905929968825,25056007,2025-02-02,2029-11-29,Glenmark Pharmaceuticals Ltd.,none
aa295b68-0aaa-465a-b490-c9e33da3b17c,8908424419897,24019419,2026-06-03,2031-03-29,Silverline Drugs Pvt. Ltd.,none
1e474a24-0ce6-4eb1-a67a-15481643bee3,8901179453447,LOT25F504,2025-11-08,2028-06-08,J.B. Chemicals & Pharmaceuticals Ltd.,none
9a7ef384-cfd7-4e51-b58b-9e51112a3147,8907877908912,26016470,2025-11-20,2030-07-13,Intas Pharmaceuticals Ltd.,none
376c69f1-51d3-47fb-a0d4-2cf5ce8a0823,8903972376374,LOT25G230,2025-07-09,2029-08-24,Wockhardt Ltd.,none
2d377ab7-e453-4e23-ab92-29b47b03699a,8900707956726,RY3806,2025-08-14,2028-08-29,Dr. Reddy's Laboratories Ltd.,none
f3e456e9-f7c3-4b85-9d9f-3743322be3e0,8908673062232,LOT26H973,2025-12-11,2027-06-03,Piramal Pharma Ltd.,none
d2d66ebf-8545-4186-bda4-953e937f782c,8905936743689,WR6575,2024-11-10,2026-10-15,Zydus Lifesciences Ltd.,none
e6aaef8f-2440-4105-b474-3f0315e3ae8e,8909640162122,24122134,2025-07-18,2030-02-22,Indoco Remedies Ltd.,none
9610068d-3e6e-4371-8f13-ac6c479735d9,8908884408084,LOT24A280,2025-10-29,2030-07-15,Marksans Pharma Ltd.,none
abc459b6-9d9c-4d1e-9722-b2617ee01b36,8907573869302,25126043,2025-11-27,2030-11-17,Cipla Ltd.,none
219850f8-409d-449f-a7ec-2182ef0024b5,8909808947427,24122974,2025-05-19,2029-01-27,Micro Labs Ltd.,none
21db2e70-e789-4cd7-aec0-6b8d7e3b06d4,8907651954380,YQ5021,2026-03-11,2029-11-07,Bhoomi Remedies Pvt. Ltd.,none
e5adbbe6-e536-4e01-89c0-e4dd07e5958b,8905797726421,FS1967,2026-05-03,2028-02-29,Punarnava Life Sciences Ltd.,none
97ab2a94-a800-4f89-9511-c2691d5731fd,8906712472899,NB7180,2026-07-19,2029-01-15,Mankind Pharma Ltd.,none
7c29a186-e9d0-4d3b-b135-e8ec390476aa,8909808947427,LOT24G950,2026-06-22,2028-07-22,Micro Labs Ltd.,none
ae88cb4c-9339-49d9-9745-9bf1ab299461,8908673062232,24114283,2025-08-02,2029-11-17,Piramal Pharma Ltd.,none
08b8bc5a-1923-4f6d-9b65-1f136b50542f,8905074921237,24037665,2026-03-27,2029-04-12,Cipla Ltd.,none
08954540-86f4-42d0-a15e-ee830bbfc71e,8901257474364,GU5785,2024-10-14,2029-01-25,Abbott India Ltd.,none
a3924310-33f4-49c8-91ea-05204286575c,8901228543833,26118616,2024-12-25,2026-11-17,Lupin Ltd.,none
8bfc01b8-2bf3-4992-b772-752c16a8e16d,8900707956726,LOT24E684,2025-09-01,2029-02-22,Dr. Reddy's Laboratories Ltd.,none
70ed649b-94fb-43a0-a950-4cda8b9dd777,8906113462677,26064336,2025-09-21,2027-08-24,GlaxoSmithKline Pharmaceuticals Ltd.,none
7ffc5ead-93b0-4dd3-bb5a-804c9e2b6ff0,8901247814274,QH3076,2026-09-05,2031-05-26,Dr. Reddy's Laboratories Ltd.,none
b2621c5e-9bcf-4157-ac43-ca0e51f8c49e,8904275270366,LN9051,2026-04-12,2030-02-13,Alembic Pharmaceuticals Ltd.,none
63701a2a-4d14-4ed0-9f94-9ee8e7eddf49,8903972376374,24079386,2025-02-14,2026-12-18,Wockhardt Ltd.,none
f83b263b-8ea6-4b3e-b7b4-23fe19926d33,8909077773430,LOT26H957,2025-07-10,2027-09-28,Suraksha Pharmaceuticals Ltd.,none
90f0e570-55fc-44e2-beb0-d2011d55e3d3,8908884408084,EM5365,2026-05-19,2030-03-26,Marksans Pharma Ltd.,none
a693a6aa-2d65-40f4-8d05-baf5d3fc03dc,8909808947427,LOT26B929,2025-11-10,2030-02-27,Micro Labs Ltd.,none
b0cb50fa-df4e-4b4a-a822-d66196e14889,8908336324249,TZ7623,2024-02-23,2025-06-03,GlaxoSmithKline Pharmaceuticals Ltd.,none
3b946b56-1250-421d-9a4f-844cf602c37d,8908234464910,26081022,2022-04-05,2026-01-08,Ipca Laboratories Ltd.,none
508168e7-7709-46fd-9728-44b97e0cd19d,8905027043841,LOT26A712,2021-01-15,2025-11-23,Natco Pharma Ltd.,none
70c19bba-26a9-45a8-b219-684fe5d158b4,8902822344786,26058910,2026-04-04,2029-11-07,Abbott India Ltd.,none
2cef4873-ab79-4bcc-b780-b0d0317a69e2,8905074921237,25102559,2026-04-17,2030-02-02,Cipla Ltd.,none
93c71cf9-8140-4d48-8886-4dcfbbee1ba0,8907877908912,DY9752,2025-10-03,2029-09-13,Intas Pharmaceuticals Ltd.,none
1c079c64-ea67-4d54-ae51-bf8822f1d8d4,8902334315255,BB1098,2025-05-31,2028-01-18,GlaxoSmithKline Pharmaceuticals Ltd.,none
808cf945-4e25-4bc9-9240-e39592f2bdf7,8905936743689,LOT24H181,2025-01-15,2028-03-19,Zydus Lifesciences Ltd.,none
e9bfaabe-6cf2-442f-997a-f768dee71180,8905074921237,PX3301,2026-08-06,2028-07-25,Cipla Ltd.,none
f9c55e94-cb89-4a87-a614-dd33f282da37,8909808947427,WT7081,2025-08-05,2030-06-01,Micro Labs Ltd.,none
a7525794-c81b-402d-bade-d6112bdc8772,8900151108194,EJ6655,2026-05-23,2030-07-13,USV Pvt. Ltd.,none
56f206f7-e82e-4500-9840-b2deae51981d,8901475352413,VC9564,2025-01-08,2028-11-10,Eris Lifesciences Ltd.,none
2a66aabd-f53d-46a8-8d6c-26fccfadf587,8902941165461,LOT24D559,2026-07-31,2030-04-05,Sun Pharmaceutical Industries Ltd.,none
bf6f19c4-39ce-4bb2-9dab-6532c5242566,8902822344786,24061560,2025-01-28,2029-09-21,Abbott India Ltd.,none
e96ccc84-f8c1-4a91-b827-158be2b92e85,8904196790188,LOT26B101,2025-05-10,2027-03-02,Sun Pharmaceutical Industries Ltd.,none
64fdb468-2839-4edb-b4e5-00c047c049d1,8902623846571,LOT26G355,2025-01-03,2027-02-12,Zydus Lifesciences Ltd.,none
bcfad45e-c160-4b65-b6ed-b5c88cd1a856,8909808947427,LOT26C194,2024-10-17,2028-07-29,Micro Labs Ltd.,none
94242d58-158b-48e9-b0af-2150163fa7b6,8901795675954,CR3885,2025-11-27,2030-10-20,Aurobindo Pharma Ltd.,none
733c7128-fe1a-4a56-b675-1acc43c4b004,8900523898688,24041775,2026-03-11,2030-06-14,Suraksha Pharmaceuticals Ltd.,none
1d23a3fb-9e6b-4443-a8c7-8c875d767a94,8901506705318,LOT26E145,2026-05-26,2030-09-01,Natco Pharma Ltd.,none
311b0c5d-6d3b-49c6-af3a-8eb961836b92,8908428361777,26024029,2024-09-21,2029-04-18,Alembic Pharmaceuticals Ltd.,none
3ba956d6-37c9-4538-bc7d-31b4ad9dcaec,8904942727187,LOT24H927,2026-01-19,2028-06-25,Biocon Ltd.,none
c836c571-1f07-4efe-b54d-d2f43fb980b5,8900627956866,24035158,2026-08-27,2030-07-11,Biocon Ltd.,none
b02f4d49-eb64-473d-b2b2-488619034901,8903280387266,GS7579,2025-08-18,2029-10-27,Dr. Reddy's Laboratories Ltd.,none
33ff7fc2-ad72-4437-94e9-88a6d6b8d189,8902374543839,LOT24C346,2026-04-30,2029-02-09,Piramal Pharma Ltd.,none
bda2329e-b506-43d9-976b-97676d446f88,8908773619281,26033022,2025-12-22,2027-02-19,Ajanta Pharma Ltd.,none
b5c87929-a654-46b4-804b-c85c6191a402,8900627956866,SB4724,2025-11-01,2030-06-11,Biocon Ltd.,none
17fa31fa-085e-4161-a6f3-3f71d49f1fb4,8909077773430,25018104,2025-02-06,2028-03-07,Suraksha Pharmaceuticals Ltd.,none
a98bbe74-812e-42b3-b838-c96cc42394e2,8900001499706,LOT24C164,2024-11-11,2027-05-14,Micro Labs Ltd.,none
2cfd106b-6e2f-4e04-9524-cad0681ee48c,8901179453447,25064826,2026-05-19,2027-12-23,J.B. Chemicals & Pharmaceuticals Ltd.,none
8b5aab8f-2294-4f1d-80b3-c7b975b615aa,8901636102071,25049940,2024-08-22,2025-09-16,Mankind Pharma Ltd.,none
2b3c2cad-d986-4d93-a33a-1a15201a8fa6,8907573869302,LOT25G919,2024-09-27,2029-05-21,Cipla Ltd.,none
9f30ebaf-8fe2-45a0-929f-1bd4f57205fa,8905067392604,LOT25G409,2026-06-03,2030-03-10,Intas Pharmaceuticals Ltd.,none
0ec4e1c3-7875-4eb0-a5c7-3bcc8eef162c,8908660480376,LS7884,2025-04-05,2027-04-08,Ipca Laboratories Ltd.,none
d02a7059-ae82-4975-821d-0124c05db2f3,8906816703415,PY9868,2026-04-07,2029-03-09,Northstar Remedies Ltd.,none
25036e6f-4dc7-4c64-b48a-15fa34c65552,8907345735765,LOT24B172,2026-06-07,2027-12-11,Wockhardt Ltd.,none
caaf5651-575d-4334-8a71-c0ce10afc43e,8908884408084,24128403,2026-07-28,2029-05-07,Marksans Pharma Ltd.,none
49366081-16ec-4f06-8886-b0985ba589b0,8901179453447,LOT24F967,2026-06-08,2029-06-09,J.B. Chemicals & Pharmaceuticals Ltd.,none
b1b62ab0-ce10-4f63-ad49-0274d7170522,8903330584397,25114425,2026-03-16,2030-06-16,Wockhardt Ltd.,none
16c38325-2f7f-4295-9323-e7eb255485c2,8907281013737,FX9558,2024-12-02,2028-08-30,Micro Labs Ltd.,none
d407c1c9-ce21-479e-8f6c-0f5085d34ab5,8906418238378,26051415,2025-01-24,2027-12-04,Sun Pharmaceutical Industries Ltd.,none
bddfafd0-0f3f-4e92-9d35-3c585446eba8,8907684236474,CX4291,2026-05-11,2028-03-19,Dr. Reddy's Laboratories Ltd.,none
e318e763-f42c-43df-ae58-a3bf8dda2ac9,8908794237475,LOT26F997,2024-11-11,2027-07-08,Wockhardt Ltd.,none
ec65fdec-aab7-4a3e-a95c-e45651bb12bd,8906047361152,RX4070,2022-06-18,2025-01-22,Piramal Pharma Ltd.,none
6feff639-6831-4d71-9b1f-3980bf02f4d0,8907005083373,26075126,2025-02-12,2029-07-06,Ipca Laboratories Ltd.,none
1b0d132e-bb2f-4c2c-95b3-1787dd2ba93e,8901228543833,26122404,2025-05-09,2026-11-18,Lupin Ltd.,none
48f80a58-5691-4de1-9395-df663479edc4,8904942727187,MQ8570,2025-01-26,2027-05-17,Biocon Ltd.,none
2d3c4a31-0a44-4272-ba93-32636b59492f,8905929968825,26013804,2025-01-14,2027-01-29,Glenmark Pharmaceuticals Ltd.,none
a57481a0-9cf8-4221-9e1c-909d34e4a1cc,8901475352413,LOT25C276,2023-12-31,2025-01-10,Eris Lifesciences Ltd.,none
4dce0808-fad8-4f0e-b49f-e4f1511f178b,8908773619281,24097707,2025-01-15,2028-06-04,Ajanta Pharma Ltd.,none
71e365ea-916c-4483-a678-357e2582442a,8901092721721,26055247,2026-01-24,2030-09-16,Biocon Ltd.,none
36546bf6-0845-4388-8896-da2448bba8b9,8904772360610,LA1910,2024-11-25,2026-02-03,Glenmark Pharmaceuticals Ltd.,none
c05bdda9-08f7-44c3-83f7-ef0f549b8f31,8901636102071,AD5981,2025-06-30,2028-04-05,Mankind Pharma Ltd.,none
8da87416-7b05-4554-9882-a90601596fcd,8903504169052,26065774,2025-10-08,2028-08-20,Alembic Pharmaceuticals Ltd.,none
6b18bc2f-49da-43f2-99cd-833fbed263dd,8904520635707,DB6342,2026-07-30,2029-06-09,Alkem Laboratories Ltd.,none
b9d7f04a-8d13-4d92-b367-41838d3e2890,8908996591367,XU9853,2026-01-28,2029-12-25,Ajanta Pharma Ltd.,none
d0094e2b-70e9-4ef6-a4f3-60c0aa4eaff0,8906712472899,24123817,2026-06-06,2028-05-21,Mankind Pharma Ltd.,none
0fadc6a5-6bc0-469e-a3b3-bf08f849186e,8908884408084,LOT24G125,2025-10-06,2028-05-15,Marksans Pharma Ltd.,none
f28e0737-4f0a-4b08-8800-77f345c94f29,8908428361777,26099135,2024-12-07,2026-10-29,Alembic Pharmaceuticals Ltd.,none
0a470d7f-4dfd-4d94-aa90-7890f29f67e7,8903453348821,LOT25B219,2025-12-11,2027-06-30,Wockhardt Ltd.,none
2d168ebc-d719-4655-a518-ea306b2967e7,8906113462677,25111736,2026-04-08,2028-06-06,GlaxoSmithKline Pharmaceuticals Ltd.,none
36c6cdcd-2f0a-464e-9124-4da320157909,8909776485357,EC5681,2025-03-03,2027-03-31,Zydus Lifesciences Ltd.,none
d9cdb36b-e263-46cf-8d7b-f0725dda54b5,8901522284492,YP7001,2024-10-01,2028-03-09,Cipla Ltd.,none
1698669e-830b-4377-8c99-094623bcf31f,8909776485357,26109653,2025-09-18,2027-06-15,Zydus Lifesciences Ltd.,none
08c104ab-31ec-4154-975b-be76f8b7c6c3,8907130711211,LOT25A898,2024-11-02,2028-04-15,J.B. Chemicals & Pharmaceuticals Ltd.,none
0a1f6765-4f6c-46d7-b661-c354a61765da,8908424419897,BP3439,2024-10-06,2029-04-13,Silverline Drugs Pvt. Ltd.,none
9cf58b76-f013-4d41-b567-df893d96d772,8901264866977,LOT25B137,2026-08-31,2030-01-04,Emcure Pharmaceuticals Ltd.,none
d222dd10-b766-48e0-ae53-6b455d85e9a1,8902374543839,GK0733,2023-05-27,2025-03-14,Piramal Pharma Ltd.,none
8a1fb3a2-b6ea-433f-821c-cb8a03657c1f,8902941165461,PZ2627,2026-05-30,2028-10-22,Sun Pharmaceutical Industries Ltd.,none
f3c2a362-e7fe-4f35-bd3e-02e574520bff,8902457859302,LOT24F231,2025-01-30,2028-07-11,Dr. Reddy's Laboratories Ltd.,none
d3598224-03fc-4365-b962-b0abfd18fbe5,8901257474364,26086336,2026-03-13,2028-05-26,Abbott India Ltd.,none
9aeb4fca-4953-441f-b790-f80091ea5182,8908996591367,26078126,2025-11-12,2030-03-24,Ajanta Pharma Ltd.,none
6739aa7e-b08a-4220-a13f-cd3a48e1fd82,8901442334331,PJ2724,2026-06-12,2030-12-13,Alembic Pharmaceuticals Ltd.,none
52216b8a-114f-4c3e-b14f-44abb08732d2,8907005083373,ZS0634,2023-06-11,2025-02-17,Ipca Laboratories Ltd.,none
865a6a05-e758-4345-8508-2433c61796e6,8901522284492,LOT26C629,2026-03-14,2030-03-24,Cipla Ltd.,none
5231aeaf-0a87-4b6d-983a-fe489b322f51,8901228543833,GJ3577,2025-07-06,2028-05-30,Lupin Ltd.,none
0acfbd84-06e9-4b76-83f2-b4d2e4c407b4,8903635461183,LOT25H722,2025-10-22,2027-01-29,Sun Pharmaceutical Industries Ltd.,none
7dd92fe4-cb52-448b-adc8-240470464f0e,8901264866977,25029403,2026-01-22,2027-12-20,Emcure Pharmaceuticals Ltd.,none
ff3253fe-f533-473d-86cb-b018561db414,8904942727187,NE8602,2024-11-08,2026-12-12,Biocon Ltd.,none
d42347a9-16db-4071-866f-a46a5282202a,8900138357454,DM3869,2024-11-16,2026-10-01,Micro Labs Ltd.,none
611781da-f2eb-450e-b6de-41f3e4a2cecf,8900001499706,SJ3479,2025-10-13,2027-09-01,Micro Labs Ltd.,none
18cd37c0-9da4-4565-9b4b-70fce5821698,8907345735765,25116959,2024-12-11,2028-02-18,Wockhardt Ltd.,none
ce8bec97-a756-419f-a815-669ed6954cab,8907684236474,26072387,2025-01-24,2030-01-02,Dr. Reddy's Laboratories Ltd.,none
ec9aceb3-ff84-4192-b114-b120b0edc6ef,8901228543833,UH5509,2024-12-25,2026-06-30,Lupin Ltd.,none
3abe591b-e7b7-4fe7-80ab-0bfb0fd40f86,8908428361777,UX1816,2025-03-08,2027-05-08,Alembic Pharmaceuticals Ltd.,none
d825be30-74d6-4d25-b4a7-31d0898cbbb1,8908996591367,25057377,2024-07-14,2026-05-25,Ajanta Pharma Ltd.,none
3de4b308-48d1-4427-ac0c-e4c257a0ee41,8906418238378,26102492,2025-05-01,2030-02-15,Sun Pharmaceutical Industries Ltd.,none
60090a90-6634-4995-851e-3eb048f456ea,8908424419897,25017959,2025-05-10,2028-06-17,Silverline Drugs Pvt. Ltd.,open
fe40cdd9-0302-445d-b2bb-b781cc1f370e,8908673062232,ZV2172,2025-11-17,2027-03-29,Piramal Pharma Ltd.,none
7dad0e3d-bd81-4dcb-9596-188977534973,8904313264691,LOT24F516,2024-11-09,2028-11-23,Alembic Pharmaceuticals Ltd.,none
34a41240-a2dc-4132-a79a-ceca1920ebe3,8901402727471,LOT26C351,2026-06-28,2029-05-24,Mankind Pharma Ltd.,none
b885a0ba-10b2-4da9-9ff3-9007518419cf,8908660480376,LOT26E804,2025-11-10,2027-01-31,Ipca Laboratories Ltd.,none
c345cf9a-0f17-4a47-a31b-9600c61f9386,8905936743689,LOT24A483,2026-06-10,2030-10-15,Zydus Lifesciences Ltd.,none
7d895fa6-a987-46e6-9d08-a67609b21f46,8903532527174,PC4472,2026-01-23,2028-04-22,Zydus Lifesciences Ltd.,none
bf376a62-9408-437f-8c61-4c9dae26e5cf,8902183033258,LOT26G725,2025-07-16,2030-07-07,J.B. Chemicals & Pharmaceuticals Ltd.,none
693b0da0-7a29-454f-a64c-d462041a9369,8909807559534,26013397,2025-03-31,2029-12-21,Cipla Ltd.,none
de0d7f28-ea27-4209-b82f-18a5963b68a2,8904477882870,26124328,2024-12-26,2027-11-09,Indoco Remedies Ltd.,none
b0d22117-735e-4927-9053-4a163d904b37,8900707956726,24035412,2024-11-12,2028-11-26,Dr. Reddy's Laboratories Ltd.,none
b6b44c00-0f4a-413c-85b3-39828df3487e,8903635461183,KG6346,2024-12-25,2028-09-21,Sun Pharmaceutical Industries Ltd.,none
c09ef43b-b5cb-4c4d-a97a-fa00d51efa96,8902993146925,SJ5437,2021-12-06,2025-05-06,Wockhardt Ltd.,none
8cf094f5-34e5-49f4-aa9e-37e951382f96,8908995169817,25092748,2026-01-30,2028-05-04,Girivan Pharmaceuticals Pvt. Ltd.,open
e4a49807-7cef-48bd-b47f-961a53edafd4,8904477882870,26035085,2025-02-27,2029-11-28,Indoco Remedies Ltd.,none
95596833-14f9-45fe-9020-a65289709efe,8902941165461,CP0472,2025-05-14,2029-10-06,Sun Pharmaceutical Industries Ltd.,none
2f649921-8c0d-4e64-a75f-ffc34644d323,8903972376374,LOT24C305,2026-07-16,2031-07-05,Wockhardt Ltd.,none
46f28916-d6a4-4ea0-933c-faabba955d83,8903330584397,24115661,2025-04-16,2027-11-04,Wockhardt Ltd.,none
13c88362-2f72-46c6-9209-8a7608a4ef8e,8908884408084,VP3072,2026-07-14,2028-07-28,Marksans Pharma Ltd.,none
ef05d188-6dcf-42a3-a1f6-6f70bdc09d77,8908884408084,LOT26F676,2026-07-29,2028-11-27,Marksans Pharma Ltd.,none
392b5b62-3685-4e1e-be4b-b7aa8c70b1c0,8905140837385,25057458,2026-03-01,2027-05-03,J.B. Chemicals & Pharmaceuticals Ltd.,none
44cd1e9d-8298-4ef2-8b24-7e9288a6d1ba,8902447939089,24111063,2024-11-14,2027-02-25,Torrent Pharmaceuticals Ltd.,none
97847c7c-e0a9-41e1-b217-a56422f73a7a,8900393794873,LOT26G147,2026-06-18,2030-08-07,Vishwas Healthcare Pvt. Ltd.,resolved_overturned
99610099-16d0-4627-81b9-10e9bdab536e,8904313264691,UH4733,2026-07-22,2028-04-07,Alembic Pharmaceuticals Ltd.,none
14973f18-e749-4498-999c-e5a15cc1412d,8902993146925,LOT26G566,2025-05-10,2028-02-08,Wockhardt Ltd.,none
d0c9ba6c-bd40-48f9-a914-9948d96cbadb,8907345735765,LOT24G803,2025-06-13,2028-12-25,Wockhardt Ltd.,none
7d3fdf9e-e8fe-42c4-af4b-b3f3846b86f7,8900577768900,LOT25C137,2021-10-25,2026-01-26,Natco Pharma Ltd.,none
1071fb08-49c3-4083-90b9-14824eed87b8,8908234464910,QH3733,2026-01-31,2028-06-08,Ipca Laboratories Ltd.,none
8bc0e8af-d0ab-46bc-b7f4-5b02063519ed,8905936743689,LOT24F211,2021-04-17,2026-02-13,Zydus Lifesciences Ltd.,none
995b054a-4454-445d-b62b-fffc3c460653,8902183033258,LOT26E955,2025-11-18,2026-11-28,J.B. Chemicals & Pharmaceuticals Ltd.,none
8e216aed-01e8-49bb-8487-00638ed15500,8907684236474,26093011,2025-09-04,2027-02-14,Dr. Reddy's Laboratories Ltd.,none
098199de-d6ba-45d3-9fd4-baa8ff8aa216,8903330584397,24023285,2026-08-02,2027-10-08,Wockhardt Ltd.,none
b113008e-639b-41d2-9bed-055dbda45345,8903635461183,WH8129,2026-07-09,2030-07-28,Sun Pharmaceutical Industries Ltd.,none
07cd3d8b-85e6-4a59-8223-e092bc52d674,8906686825167,SL3864,2025-05-30,2029-06-19,GlaxoSmithKline Pharmaceuticals Ltd.,none
ee4954f9-6b02-4063-8586-abdd79bcfec0,8901936426455,LOT24H211,2025-03-28,2028-06-11,Glenmark Pharmaceuticals Ltd.,none
c26dac3e-1712-41dd-a1d1-b49628cb59a6,8902260951139,25042741,2023-10-03,2025-02-06,Mankind Pharma Ltd.,none
bf33c001-4d2b-4eaa-b971-8fe0ea807273,8900577768900,24106354,2026-04-13,2027-12-01,Natco Pharma Ltd.,none
56215798-e285-4c42-ab00-ab6b6400eb59,8901257474364,LOT26E318,2026-03-26,2030-01-09,Abbott India Ltd.,none
7623dbb7-3ab8-4ff7-9b5c-d6ed29f863c8,8905458944388,LOT25D259,2024-10-07,2027-07-27,Sanofi India Ltd.,none
33bc6202-8c80-4c8c-a6b4-805fb9122e10,8902447939089,RD6789,2026-05-17,2030-03-07,Torrent Pharmaceuticals Ltd.,none
36478f33-f532-4e6c-a262-f969ca2a5f85,8906047361152,24063061,2021-10-25,2025-02-08,Piramal Pharma Ltd.,none
7a8e044e-8e6b-463c-834d-dc8b1132b147,8905651807948,WZ2442,2026-08-10,2029-11-14,Sun Pharmaceutical Industries Ltd.,none
c59c27fb-d00e-405e-8984-70a8f23ff60b,8907338123864,25082169,2026-07-11,2030-01-02,Kalash Biotech Ltd.,none
77ba7701-0610-4182-8cd2-a04c9fba61ee,8901442334331,LOT25H648,2025-08-05,2030-07-28,Alembic Pharmaceuticals Ltd.,none
553722a1-3036-4093-a995-c153337b6fb9,8909937337915,LOT24H948,2024-09-18,2027-06-29,Glenmark Pharmaceuticals Ltd.,none
bc06301f-4641-4543-bee9-f537463ad89f,8900138357454,SK9887,2026-07-04,2027-08-24,Micro Labs Ltd.,none
2c6fbd65-661d-48de-8820-cf04b153638b,8906418238378,26051625,2025-04-09,2027-12-01,Sun Pharmaceutical Industries Ltd.,none
5eb35c77-43ad-48ab-99b2-6fa4e476fecb,8905027043841,LOT25B645,2026-04-17,2029-03-30,Natco Pharma Ltd.,none
5a2bf28c-b6b1-4f79-ac38-1824c380f5d0,8903077944551,24104776,2026-08-29,2030-05-10,Ipca Laboratories Ltd.,none
fedcb1b5-3944-4b65-9e93-e907fe5e235f,8904313264691,26122267,2025-08-27,2027-11-27,Alembic Pharmaceuticals Ltd.,none
c4d7eb8b-3910-43c9-9b8f-7b0e8aebc8c8,8902993146925,LOT26E695,2026-01-04,2028-05-05,Wockhardt Ltd.,none
91de91d5-3121-41fd-a32f-73537cdafff0,8904477882870,ZG4393,2025-12-19,2028-04-09,Indoco Remedies Ltd.,none
8d3a821a-950a-4ebb-91aa-53deb22ca651,8909776485357,26114595,2025-10-27,2028-12-29,Zydus Lifesciences Ltd.,none
7d7027c1-e36e-4af2-ac8f-c099bd19351a,8906113462677,NS6980,2025-07-11,2026-09-22,GlaxoSmithKline Pharmaceuticals Ltd.,none
789c40a9-9e90-4b2a-a7d2-219625740d07,8909640162122,LOT26A560,2024-12-29,2028-07-27,Indoco Remedies Ltd.,none
79d77ec1-c99e-4776-b3be-7ee2cdfb97a2,8908738948771,LOT25F694,2025-11-12,2030-05-25,Abbott India Ltd.,none
33a01e61-9f59-4b6e-896d-bbc6caaf0264,8901636102071,DU0896,2025-01-16,2028-11-24,Mankind Pharma Ltd.,none
38d7898f-0f25-46ce-8822-2b6996ebd691,8903532527174,TV4803,2024-11-11,2027-08-10,Zydus Lifesciences Ltd.,none
d2d2bf9a-e029-4da6-b7bd-5550678c25d0,8902183033258,24053421,2023-07-07,2025-03-27,J.B. Chemicals & Pharmaceuticals Ltd.,none
fec73bb6-dc7f-4b2c-bd7e-22809ea10c32,8906837996942,XC2578,2022-04-22,2026-08-16,Natco Pharma Ltd.,none
48d95493-f2e2-4348-9289-cfcf85260d66,8904942727187,LOT25D176,2025-02-09,2027-08-14,Biocon Ltd.,none
e3dc625e-6da2-48b4-8e8f-d6483aec277c,8905027043841,LOT26C606,2026-07-04,2027-11-08,Natco Pharma Ltd.,none
17d63e40-93ee-474d-b87e-eed3ea0002a4,8909430944205,LOT25A321,2024-12-17,2029-01-04,Alembic Pharmaceuticals Ltd.,none
8797076b-c441-4267-ab83-b1e1fce6356e,8902447939089,LOT26H806,2020-12-19,2024-10-14,Torrent Pharmaceuticals Ltd.,none
915a764d-f2d0-4b5f-a992-83aba100f883,8909807559534,24058095,2024-12-01,2029-09-21,Cipla Ltd.,none
48d27801-da0c-47bb-ab67-fc87a51b335f,8907573869302,ED6515,2025-01-14,2027-08-29,Cipla Ltd.,none
1b85c94f-519d-48a2-94cf-d3fe95b1bd69,8900471959291,GL4048,2025-09-24,2030-04-16,Meridian Formulations Pvt. Ltd.,resolved_upheld
6b055f5e-522d-40e0-89f3-5c05ebdb4daa,8903453348821,LOT24G923,2026-02-05,2029-10-20,Wockhardt Ltd.,none
303bfd31-720e-465e-b562-4009c512c06d,8901795675954,24104785,2026-08-20,2030-08-05,Aurobindo Pharma Ltd.,none
5f102600-3ee5-49ad-ade4-d45d0fe361e1,8908673062232,YB3944,2024-11-26,2029-01-05,Piramal Pharma Ltd.,none
54d199cf-ef4a-4563-8bfe-4ba77e6a8e78,8900151108194,KY3803,2025-11-30,2029-08-17,USV Pvt. Ltd.,none
c3a72230-c81a-4319-9715-168e8116f013,8901034230701,LOT25A963,2025-10-28,2029-02-24,Abbott India Ltd.,none
555a88f5-9204-40b0-8e59-c5854f55f4a4,8900811342280,26017153,2025-03-26,2029-08-30,Girivan Pharmaceuticals Pvt. Ltd.,none
c5babfff-a92e-4546-b4d6-cadd68d6951f,8902623846571,TR9134,2026-01-28,2029-05-11,Zydus Lifesciences Ltd.,none
7b7ea11d-9f46-43ad-8e69-266b32323d48,8903532527174,LOT25G965,2025-07-30,2030-01-02,Zydus Lifesciences Ltd.,none
2ffc3e92-1b4f-47ba-ba06-2c21bd49cc15,8901402727471,24057392,2025-10-22,2030-02-14,Mankind Pharma Ltd.,none
514d9430-409a-419a-8767-64629aaa1943,8904147383886,ZN4436,2026-06-16,2029-09-12,Northstar Remedies Ltd.,resolved_overturned
62135ed4-4151-4c42-8b75-6be941c17b57,8907107974795,XW8813,2026-04-10,2028-01-23,Meridian Formulations Pvt. Ltd.,none
71b42aad-c97d-41cd-918d-e5a3b90c31a2,8906047361152,26111961,2024-10-10,2028-06-07,Piramal Pharma Ltd.,none
d12e58a2-e4c8-4c69-849e-d951a070abd4,8902527998151,HA9637,2024-09-23,2027-06-02,Ipca Laboratories Ltd.,none
5c0bfa37-bb9f-469c-a229-23f034c7b433,8901442334331,GV0305,2025-10-09,2029-12-06,Alembic Pharmaceuticals Ltd.,none
137eca7c-bdbb-46fd-ace3-b61b8a7d7568,8901522284492,DR8556,2025-03-10,2029-06-24,Cipla Ltd.,none
829f58d9-3dfd-4dec-8a75-0cd01644d024,8900707956726,25038188,2026-08-14,2028-07-22,Dr. Reddy's Laboratories Ltd.,none
85e2feb2-d65f-45dd-b555-8b5ed3c9f86e,8901880806979,24022728,2025-02-16,2026-12-06,Lupin Ltd.,none
0cdef3cf-e2df-42ab-bf98-e23d448f80c5,8904276537502,LOT25G448,2025-03-01,2029-07-26,Micro Labs Ltd.,none
260efb1e-e5ea-46e9-b391-f166db850a81,8905074921237,25032692,2026-01-20,2030-09-09,Cipla Ltd.,none
cf81e38f-b3b9-4345-8487-213105e94aa1,8904347358756,24027817,2026-02-24,2027-06-29,Abbott India Ltd.,none
af75cd37-89cf-4436-98b4-d3c5b1d06a4a,8909065355911,LOT24A475,2025-07-17,2029-10-03,Suraksha Pharmaceuticals Ltd.,none
58823ae5-ba84-444b-860a-cbba0563e4fa,8904520635707,MW6013,2026-04-15,2027-10-11,Alkem Laboratories Ltd.,none
600729e3-4be3-47a7-b8cb-7384bbe989df,8902993146925,DJ0123,2025-08-09,2027-12-08,Wockhardt Ltd.,none
24977d0a-c772-4214-a5b2-eeb1fdb30a40,8906418238378,YZ1444,2020-08-16,2025-01-13,Sun Pharmaceutical Industries Ltd.,none
c0535f0f-bc35-4ea7-b5e2-a2189b0679c9,8904520635707,LOT26H890,2022-11-20,2025-05-05,Alkem Laboratories Ltd.,none
d64a595a-7702-4959-9bb9-5e415db7c709,8904601938622,JM0508,2024-12-31,2027-10-30,Vishwas Healthcare Pvt. Ltd.,none
98d16cca-2851-471c-a494-17a835e8146d,8902457859302,LOT26H886,2025-10-26,2029-01-15,Dr. Reddy's Laboratories Ltd.,none
c7dafcbd-e68f-45b2-845b-4882f6880381,8904998340203,LOT26G918,2025-11-05,2028-02-27,Lupin Ltd.,none
01fb8207-440a-4d8a-acc8-61378cce13fd,8905067392604,SM5334,2024-11-30,2026-11-24,Intas Pharmaceuticals Ltd.,none
cc95ee86-dc39-43f2-b3dd-cd282d035be8,8909352684043,YB6323,2025-11-22,2028-05-26,Zydus Lifesciences Ltd.,none
1c8645b6-061b-48ed-bf6f-a017b69058d1,8906113462677,LOT24E587,2025-12-07,2027-04-07,GlaxoSmithKline Pharmaceuticals Ltd.,none
148a026b-babb-4d05-b496-a916f1f09a75,8900627956866,LOT24D159,2024-10-18,2028-11-23,Biocon Ltd.,none
81baa1b0-2c58-4a71-ad91-5f4b3863ff0e,8902260951139,24121561,2026-04-01,2029-07-20,Mankind Pharma Ltd.,none
d205e5ad-41a3-4101-a529-5d87e43de9e4,8909352684043,LOT26G485,2025-02-16,2029-02-23,Zydus Lifesciences Ltd.,none
1a755544-0439-4efd-9ed2-59990e511d46,8900138357454,RJ7638,2026-04-25,2029-07-16,Micro Labs Ltd.,none
ba749092-8b85-4c49-8415-16227b685b91,8901707467197,LOT25E966,2025-10-01,2028-08-31,GlaxoSmithKline Pharmaceuticals Ltd.,none
4afd1bd7-cef0-49cf-9033-d13526888dc4,8902623846571,LOT25B179,2026-02-08,2030-08-31,Zydus Lifesciences Ltd.,none
3383fdae-813b-4d0c-b56c-fa402f18bd61,8901936426455,LOT26A634,2025-05-03,2027-04-10,Glenmark Pharmaceuticals Ltd.,none
2ea8bb1e-3577-4c96-bc4a-57d404ad3575,8908234464910,RT0509,2024-10-27,2028-11-16,Ipca Laboratories Ltd.,none
1b868959-36c7-4647-82c5-4bfd16ef6a14,8907973860299,QT9143,2026-03-18,2027-12-19,USV Pvt. Ltd.,none
70df5aaa-9a49-4199-bbf0-3d0d24d0294c,8906712472899,LOT26E240,2026-07-28,2027-07-29,Mankind Pharma Ltd.,none
9f8058d0-6a4a-432c-ae0f-af6690ff9946,8909077773430,25106969,2026-04-10,2028-09-21,Suraksha Pharmaceuticals Ltd.,none
9d5b331b-ea3e-4f6b-9bf1-ea4d68fb44cc,8902822344786,WJ9002,2025-08-04,2028-03-04,Abbott India Ltd.,none
fbe9ae70-fc95-4eb4-89d0-8a58a719a896,8908673062232,25012466,2022-10-15,2025-04-08,Piramal Pharma Ltd.,none
d8b20d0f-c998-4ec6-818e-1fd5e1f0e378,8908336324249,LOT24B465,2025-05-30,2028-06-20,GlaxoSmithKline Pharmaceuticals Ltd.,none
19800022-3b27-4a60-aca1-c5ecdb0c26da,8907573869302,LOT26F791,2024-12-17,2027-08-10,Cipla Ltd.,none
08914eeb-5493-4ffd-a504-089ac4a9c92c,8904196790188,SK3777,2026-05-17,2031-03-13,Sun Pharmaceutical Industries Ltd.,none
56e8e70e-32d9-4538-8c10-a14c10568d41,8901707467197,LOT24G176,2026-05-31,2029-07-29,GlaxoSmithKline Pharmaceuticals Ltd.,none
c7731f9b-4f3b-4776-b761-399c2dd8bffc,8905936743689,LOT25C839,2024-02-04,2026-06-19,Zydus Lifesciences Ltd.,none
1390c79b-cc81-48b7-b52f-a6dce5b34d26,8901034230701,25052544,2026-08-29,2030-12-24,Abbott India Ltd.,none
3023c4f1-e433-4c27-8a17-42423be8f455,8901506705318,LOT26G696,2025-02-03,2027-07-18,Natco Pharma Ltd.,none
6ae263bc-adfe-4cac-800e-c5c1f964b03d,8909044851939,EU4039,2026-07-14,2029-05-23,Piramal Pharma Ltd.,none
e97716ce-91f2-4791-8beb-5ba878ddc495,8902993146925,LOT25B559,2025-08-19,2027-06-09,Wockhardt Ltd.,none
ce7ea017-1e3b-4b72-8c6a-bf8d8ccda977,8902941165461,26107871,2022-02-01,2024-11-21,Sun Pharmaceutical Industries Ltd.,none
251620f6-76a6-49d2-98a0-09f9fa996b8c,8905601284237,LOT25D424,2025-12-11,2030-05-26,Dr. Reddy's Laboratories Ltd.,none
9725ca9a-7a67-4ac6-ac6a-71d057c4d9bc,8908660480376,LOT25G551,2025-04-08,2029-02-09,Ipca Laboratories Ltd.,none
c209eaa4-a414-401a-9ef1-ba416f318351,8907651954380,25068088,2026-06-04,2029-08-26,Bhoomi Remedies Pvt. Ltd.,none
87a4268b-512b-45f1-b8fd-2f60e286c9b1,8908794237475,QK3146,2026-05-02,2027-09-27,Wockhardt Ltd.,none
735a955d-db12-4155-97f4-42345dc07291,8907281013737,26035531,2021-07-10,2025-01-08,Micro Labs Ltd.,none
222dcde7-641a-477c-b490-4096918430db,8908738948771,LOT24A215,2025-12-28,2028-10-01,Abbott India Ltd.,none
2f0282e9-e921-4578-9ed2-42f2b5153186,8908141881974,24023291,2026-08-11,2029-07-18,FDC Ltd.,none
d7f0f33c-40b9-4294-ae0f-7a019b2dbf49,8909776485357,LOT24C441,2025-01-15,2027-04-02,Zydus Lifesciences Ltd.,none
85d5db13-8c74-4d73-9775-b724de86cac7,8904772360610,LOT24E263,2025-07-04,2029-09-14,Glenmark Pharmaceuticals Ltd.,none
d7ab0f2a-4d31-4c94-bd6b-6607f7a55d17,8902457859302,26059522,2020-12-17,2025-10-08,Dr. Reddy's Laboratories Ltd.,none
0f3109d6-164e-49ef-9b45-414815ed09f7,8902457859302,WZ3248,2025-11-30,2030-03-11,Dr. Reddy's Laboratories Ltd.,none
236da9b0-58bb-48b5-810b-a25d36332f29,8901396005660,25012480,2024-11-04,2027-02-08,Torrent Pharmaceuticals Ltd.,none
00c208af-475d-42cc-a92c-c91744547168,8908738948771,24017416,2026-03-22,2029-03-21,Abbott India Ltd.,none
d044cf0b-b4e0-4996-bf8c-4e34551ff924,8901264866977,LOT24G469,2025-02-11,2027-12-17,Emcure Pharmaceuticals Ltd.,none
d5b58760-7d86-4ef8-83e3-56a22abc8d68,8901092721721,25013914,2025-10-29,2027-04-19,Biocon Ltd.,none
8f66ac58-7912-4c84-8526-d90d1f49d02c,8901550734699,LOT25E194,2025-04-05,2029-06-02,Kalash Biotech Ltd.,open
c46f1f8d-22ba-4a1b-85ad-ce615b18039a,8902334315255,LOT25H501,2025-07-25,2029-07-20,GlaxoSmithKline Pharmaceuticals Ltd.,none
3ae551e5-b59a-498c-a316-7a0b302b584b,8907573869302,GN1244,2020-08-14,2025-02-11,Cipla Ltd.,none
e5a86706-1d9a-4893-9eaa-8d6b9e50ec16,8906837996942,24041877,2024-10-29,2029-02-07,Natco Pharma Ltd.,none
b41333ce-d376-409e-ba2e-4afc2920ebf8,8900811342280,DK5108,2025-04-26,2027-04-01,Girivan Pharmaceuticals Pvt. Ltd.,open
e5d01b66-3190-46da-918e-1a23c78f1e61,8905601284237,26115433,2026-01-29,2027-05-28,Dr. Reddy's Laboratories Ltd.,none
5b6129b2-5525-4ff5-b1fc-43125a627b0f,8905074921237,NF1502,2025-06-30,2029-04-27,Cipla Ltd.,none
098b584e-e27a-462b-8069-ddccf6fc22bc,8901707467197,QX2913,2025-07-28,2027-09-01,GlaxoSmithKline Pharmaceuticals Ltd.,none
c0351340-db56-4f71-8c64-d065327674d9,8901506705318,25046743,2023-06-10,2025-10-29,Natco Pharma Ltd.,none
a2f20e22-b0be-42fb-940b-30dd5d00e6ca,8901636102071,26037123,2025-10-22,2029-09-17,Mankind Pharma Ltd.,none
5119a75a-522b-4624-8516-60eb35e726ff,8905027043841,LOT25C935,2026-06-12,2029-01-31,Natco Pharma Ltd.,none
b3a3959e-a3a5-425f-8eb5-8e583df9cf27,8902447939089,LOT24A529,2026-05-21,2029-01-26,Torrent Pharmaceuticals Ltd.,none
40b60ea2-58ee-4c25-ae90-c11f68d6ff84,8903280387266,LOT26C136,2025-03-09,2029-01-13,Dr. Reddy's Laboratories Ltd.,none
b0e652b6-471a-4d53-ab3e-cbaa6d053367,8909808947427,26021292,2025-05-10,2028-03-15,Micro Labs Ltd.,none
0ab54d60-4367-4711-a884-36eb8fe75fd7,8909808947427,YW6261,2026-04-06,2028-12-13,Micro Labs Ltd.,none
231cba03-aed7-46a5-9b1d-d740ca525acc,8904772360610,BW3474,2025-12-26,2029-07-28,Glenmark Pharmaceuticals Ltd.,none
25027c97-0243-4887-af17-31a1d4cb0f07,8902374543839,LOT24G938,2026-07-08,2029-07-19,Piramal Pharma Ltd.,none
ca0918aa-87b0-466c-bed7-93a8cadad991,8902941165461,GU0848,2025-10-06,2030-06-04,Sun Pharmaceutical Industries Ltd.,none
737c6c1c-5c2c-4755-980d-2ae76179c1e9,8905651807948,25092494,2026-03-01,2030-12-12,Sun Pharmaceutical Industries Ltd.,none
16960551-8627-48f3-9cf5-b720d0dac4b9,8901442334331,26072599,2025-04-16,2026-10-22,Alembic Pharmaceuticals Ltd.,none
d5f33c43-a875-4f3b-ab33-38849bbac061,8907005083373,LOT26H177,2023-11-11,2026-08-06,Ipca Laboratories Ltd.,none
845a8df2-38a4-4936-b130-7ce208f259a5,8902260951139,LS6980,2025-01-07,2027-11-22,Mankind Pharma Ltd.,none
62a9a934-0d05-4033-ac23-e3810d06c514,8903532527174,HV1900,2024-11-09,2028-05-14,Zydus Lifesciences Ltd.,none
0a1e936a-2608-4617-a2bd-79f4d0a1ac51,8904998340203,26068497,2025-08-02,2026-10-14,Lupin Ltd.,none
861ef872-f311-470a-8ac5-d6c672439dd4,8901522284492,LOT26F632,2024-12-06,2027-05-13,Cipla Ltd.,none
540ce9f2-d825-40f1-bc56-842783b89edd,8907973860299,LOT24B564,2026-08-08,2030-10-11,USV Pvt. Ltd.,none
b37de87e-a2a6-4424-8cc8-dcc3eb658d42,8908336324249,LOT24A400,2026-02-14,2027-11-05,GlaxoSmithKline Pharmaceuticals Ltd.,none
5483671b-d4cf-407a-8ad7-6f2048ab06e9,8907877908912,WB7166,2025-01-12,2027-02-12,Intas Pharmaceuticals Ltd.,none
10e1fff1-c8cc-474c-b7ee-f18c85b8df3f,8904276537502,NZ5583,2025-07-20,2029-02-01,Micro Labs Ltd.,none
cf955a2d-e0f6-4b55-9a1a-6c58172cf4dd,8903077944551,LOT26E390,2026-09-12,2028-04-27,Ipca Laboratories Ltd.,none
7925581e-d56c-4190-88f1-f463579f99d1,8908995169817,25122088,2024-10-30,2029-08-19,Girivan Pharmaceuticals Pvt. Ltd.,open
361737b3-fec8-4ebe-b0ef-519e9f25291b,8908234464910,MP2347,2025-04-28,2028-07-12,Ipca Laboratories Ltd.,none
3e2d897e-269a-4fc1-989c-807dd16fe267,8901880806979,24129778,2025-05-24,2027-04-30,Lupin Ltd.,none
d32b5fa3-6fdc-4a9d-a19d-2789e94640ab,8901936426455,LOT25E304,2024-12-20,2029-04-11,Glenmark Pharmaceuticals Ltd.,none
bf5b0371-384d-4d10-8ca8-d7bb29ce02b2,8901880806979,LOT24G212,2026-04-03,2028-01-14,Lupin Ltd.,none
9facbca0-12ab-4746-94b4-545f1e9c93c8,8901880806979,26036402,2026-02-06,2027-10-24,Lupin Ltd.,none
d9790847-6063-48a4-bf08-cddeb5d2a1ea,8903504169052,LOT24A691,2026-01-30,2030-08-04,Alembic Pharmaceuticals Ltd.,none
1900cb23-adb6-4482-8daf-da2d21b73951,8902334315255,KV6525,2023-06-12,2026-01-06,GlaxoSmithKline Pharmaceuticals Ltd.,none
73635a19-f80b-4094-8f31-1024f12ecce2,8901092721721,LOT26A544,2026-05-27,2030-12-03,Biocon Ltd.,none
f97fcc8c-5c49-48be-bccc-9d5d44cc1252,8906418238378,LOT25G201,2025-05-27,2028-08-20,Sun Pharmaceutical Industries Ltd.,none
5b4a4014-f190-4a30-a29a-f5c5f9864111,8904637300828,LOT26G994,2025-12-02,2030-04-08,Meridian Formulations Pvt. Ltd.,resolved_upheld
1432bb42-62b9-452a-b09d-436ce607e251,8909776485357,24113574,2024-12-25,2029-09-19,Zydus Lifesciences Ltd.,none
62670e84-571f-4446-bf27-e89884a530ba,8907573869302,PR0978,2023-05-03,2025-08-28,Cipla Ltd.,none
f69eadc5-d6aa-44d5-8f0b-fb96d38b255e,8901396005660,LOT25F804,2025-02-26,2027-09-05,Torrent Pharmaceuticals Ltd.,none
4e2eed60-476c-40c2-beec-e6091da741d0,8900151108194,26105083,2026-07-06,2028-12-31,USV Pvt. Ltd.,none
3b3c5b75-7926-4c9d-8fe9-a9b506a68aa1,8904477882870,26099958,2025-08-05,2027-08-08,Indoco Remedies Ltd.,none
4ec285da-1fb1-4274-9cda-00234ee29083,8901936426455,24032304,2026-04-17,2029-11-23,Glenmark Pharmaceuticals Ltd.,none
6b42529b-761b-49fe-9e1a-0e6fffcd40f3,8909873411325,26111966,2025-03-29,2027-01-08,Eris Lifesciences Ltd.,none
46e54082-7ae0-45c5-88bd-32025a472060,8901442334331,LOT24E804,2024-11-14,2026-12-23,Alembic Pharmaceuticals Ltd.,none
5ae70de5-6349-4211-9d9a-66e0a3b7f4f8,8909044851939,SN9440,2025-02-21,2027-01-02,Piramal Pharma Ltd.,none
164f4751-cbb8-447f-8d49-a1e5db08c8c2,8901442334331,LOT25H619,2025-07-21,2030-04-02,Alembic Pharmaceuticals Ltd.,none
216d7726-1e53-4977-abcc-5dff16721a9d,8901034230701,25079708,2023-11-01,2026-04-21,Abbott India Ltd.,none
238d88cc-35fc-4459-8c72-54de007cfb39,8906047361152,26042002,2024-12-22,2027-06-30,Piramal Pharma Ltd.,none
86a11de4-f3ae-4c66-a26e-a1e708ba8fc1,8909352684043,25036582,2026-09-03,2030-08-06,Zydus Lifesciences Ltd.,none
ca78e581-0159-4fb3-8832-e5e3f45c0eed,8902334315255,UC6069,2025-08-05,2030-05-28,GlaxoSmithKline Pharmaceuticals Ltd.,none
57042566-2143-4bd2-acda-951368217325,8906418238378,25104142,2025-05-28,2029-02-18,Sun Pharmaceutical Industries Ltd.,none
1c4d68fa-a195-47f2-9ba6-087e8547af71,8905651807948,LOT25D254,2026-08-30,2031-05-01,Sun Pharmaceutical Industries Ltd.,none
8c5be03f-f366-4b0b-a8a6-06a4e23fb609,8905601284237,BX7852,2025-12-17,2030-04-06,Dr. Reddy's Laboratories Ltd.,none
b7f97dc7-1d82-4b50-999c-e65090148d47,8900811342280,LOT26D648,2026-06-09,2031-05-21,Girivan Pharmaceuticals Pvt. Ltd.,resolved_overturned
e20c0c1b-7110-4254-a20a-f3ab09ac5453,8905733061710,LOT25H173,2026-03-21,2028-10-20,Abbott India Ltd.,none
37980dd1-f034-4047-a400-b64c772f78a0,8903972376374,GD3133,2026-06-23,2029-05-06,Wockhardt Ltd.,none
44d137f1-7953-484d-bc55-8329e8b5b5fc,8909807559534,RV5614,2026-09-05,2030-03-04,Cipla Ltd.,none
09557088-9d0a-4100-8b5f-7678e8fba30e,8909077773430,KD4252,2024-12-24,2029-10-19,Suraksha Pharmaceuticals Ltd.,resolved_overturned
d57bcd04-14cc-4cb0-89ff-9ad39daf2c99,8904772360610,LOT24B375,2026-05-10,2028-01-17,Glenmark Pharmaceuticals Ltd.,none
472c9478-9d0f-4baf-8145-4dc0f1d16a39,8909776485357,LOT24G733,2023-07-12,2025-02-28,Zydus Lifesciences Ltd.,none
e2d653f4-3949-430b-9cd9-9c629357f988,8908738948771,LOT26G211,2026-07-24,2029-07-13,Abbott India Ltd.,none
2f134c1d-4d7a-4dcc-902d-b1a0144c8541,8909044851939,TU5811,2025-10-18,2027-08-23,Piramal Pharma Ltd.,none
bd0d1c66-6b11-4e86-922a-eb113b92a08e,8902457859302,WN8318,2025-02-19,2028-02-14,Dr. Reddy's Laboratories Ltd.,none
29d2cd09-d61c-44a3-9b0c-eaa2d1d49aaa,8904998340203,ZV7623,2025-05-19,2030-03-05,Lupin Ltd.,none
4415414e-5125-45a3-b173-cf91c7a2aa0a,8908234464910,HZ0533,2025-11-30,2030-08-13,Ipca Laboratories Ltd.,none
e3dc3bee-f78c-43a8-a3f2-27b78cbd3ac9,8907573869302,LOT25C526,2025-07-04,2029-09-01,Cipla Ltd.,none
da3e2bb8-c569-423f-9008-ed1290e79bc9,8909640162122,LOT25C244,2026-08-28,2028-07-01,Indoco Remedies Ltd.,none
a292dde5-f606-4a42-969c-0a10b4fc076e,8906837996942,24043751,2025-11-03,2027-12-22,Natco Pharma Ltd.,none
0190de1c-de30-4a50-be7c-f34077768ff2,8908424419897,LOT25B555,2024-09-18,2029-02-17,Silverline Drugs Pvt. Ltd.,none
caac2f48-8075-4fca-abe9-f6b898c37251,8908336324249,LOT24C151,2025-02-08,2029-07-27,GlaxoSmithKline Pharmaceuticals Ltd.,none
cc6cab81-5564-44e2-a8f0-1c19cee24b46,8909430944205,24058499,2026-07-06,2029-12-06,Alembic Pharmaceuticals Ltd.,none
7f3fc18a-1f58-4a25-b2fa-1c4b18faa733,8902260951139,FP6034,2025-04-22,2030-03-22,Mankind Pharma Ltd.,none
b03b2497-39a6-4bdf-a346-648b32a55e19,8905601284237,EB1083,2026-07-13,2030-04-03,Dr. Reddy's Laboratories Ltd.,none
dc29a624-c44e-4fde-b804-30e058a51ee5,8904275270366,26099357,2026-01-01,2027-11-24,Alembic Pharmaceuticals Ltd.,none
da4416a4-f5fd-472d-b256-735dad5b9bd3,8902374543839,LOT24D855,2025-12-23,2027-08-20,Piramal Pharma Ltd.,none
2ba081ac-028f-41e2-bab9-81d49e352546,8900151108194,LOT24E757,2025-01-10,2027-10-27,USV Pvt. Ltd.,none
a1bd593a-fe80-43ca-bad3-432846510c1c,8908773619281,SA4748,2025-03-18,2029-05-08,Ajanta Pharma Ltd.,none
c07930ba-cd1f-476f-bf0a-2c34fffdb6ea,8907684236474,KE6646,2025-09-04,2027-09-02,Dr. Reddy's Laboratories Ltd.,none
ff69b2b6-4213-4d32-b20d-7d1f808f4206,8907651954380,LOT26D194,2025-11-07,2027-03-06,Bhoomi Remedies Pvt. Ltd.,none
be7ab361-5ee1-4b09-94d1-f9e66b2765a7,8908141881974,KB4047,2025-05-29,2028-11-26,FDC Ltd.,none
e487bce3-efb5-4a44-a0ee-172c073b63d5,8909430944205,MD1986,2025-08-20,2029-03-09,Alembic Pharmaceuticals Ltd.,none
ff591e67-8853-4f93-9837-6d9429330375,8901264866977,24091909,2026-03-29,2030-05-26,Emcure Pharmaceuticals Ltd.,none
59e86fa3-9c2b-4c30-9712-1d34dd99a9f9,8902183033258,LOT26B783,2026-05-01,2028-01-20,J.B. Chemicals & Pharmaceuticals Ltd.,none
0889e44b-cecf-47ab-94c9-a9cc3ec68610,8908428361777,LOT24E484,2022-05-11,2025-01-15,Alembic Pharmaceuticals Ltd.,none
fd12f60e-6fde-4d71-be9c-b4420a065682,8902447939089,LOT26B899,2025-01-24,2029-02-08,Torrent Pharmaceuticals Ltd.,none
2f501924-fc64-4973-9e46-1fa386f16295,8907130711211,XD4006,2022-02-09,2025-08-09,J.B. Chemicals & Pharmaceuticals Ltd.,none
ec29da11-b780-4288-bd39-9d8f97983e9b,8901936426455,26054948,2025-11-25,2029-05-01,Glenmark Pharmaceuticals Ltd.,none
50f87303-dbff-4398-a29f-92f85498bcbf,8901264866977,LOT26D406,2021-11-01,2026-01-15,Emcure Pharmaceuticals Ltd.,none
84dff318-c33b-4a21-9dbc-a1f481a936fc,8904047855131,25059136,2026-01-29,2030-11-28,Alembic Pharmaceuticals Ltd.,none
ebbf263d-3043-42c3-af1b-0f888cf5345c,8904276537502,LOT26D745,2026-04-15,2028-09-09,Micro Labs Ltd.,none
91f37f87-6a92-41a7-8a00-b3b388b1c654,8906113462677,26078476,2025-04-17,2027-08-09,GlaxoSmithKline Pharmaceuticals Ltd.,none
1cfd66d6-25f4-4266-85ec-2dc0a7d524fa,8901228543833,24055649,2020-05-11,2024-09-25,Lupin Ltd.,none
eeb644e2-f2bd-4231-a0a2-2227358e8cd4,8904275270366,26103071,2025-06-22,2027-07-07,Alembic Pharmaceuticals Ltd.,none
0ceb108f-00b4-4367-b380-e6468775ef8b,8907973860299,LOT26C207,2026-03-03,2030-07-03,USV Pvt. Ltd.,none
d1dba509-ccdd-4957-9214-ff307030a50c,8900811342280,LOT26F807,2025-06-12,2029-03-05,Girivan Pharmaceuticals Pvt. Ltd.,open
80466756-475a-458e-97c5-af6295873efe,8905067392604,LOT24C549,2026-01-13,2029-01-01,Intas Pharmaceuticals Ltd.,none
f4c4d0ed-41aa-4c1f-9679-1e01c75dd8e6,8905067392604,25063979,2026-09-06,2028-05-17,Intas Pharmaceuticals Ltd.,none
7d5dbbb6-3732-4d07-9ad3-7833f92b5725,8904275270366,26072574,2025-01-05,2027-03-22,Alembic Pharmaceuticals Ltd.,none
c2c6225c-8fb0-49b0-be73-f9f104f42b65,8905074921237,BU7084,2025-09-13,2030-06-02,Cipla Ltd.,none
5e029d23-8302-4315-ada2-80aee4b266b2,8907444651473,HW4868,2025-06-06,2028-07-19,Sanjeevani Formulations Pvt. Ltd.,none
fbf3eb6b-7a1d-4469-89fa-3ddd13da5d50,8905067392604,KN2057,2025-04-19,2027-01-15,Intas Pharmaceuticals Ltd.,none
3d7e10c3-c5a8-4f76-a927-4f07239c7eba,8909776485357,BS9996,2025-10-12,2027-02-09,Zydus Lifesciences Ltd.,none
de18d7fe-2698-441d-ba0a-06e01c46960b,8907345735765,25061855,2024-12-17,2027-01-23,Wockhardt Ltd.,none
b781fa1d-dba0-4d37-afc0-b258f3b2a2e4,8902822344786,25013378,2020-10-26,2025-03-30,Abbott India Ltd.,none
9518eff2-c2ef-491f-a67d-b581b3488592,8904147383886,LOT24G104,2025-08-18,2027-11-23,Northstar Remedies Ltd.,resolved_upheld
2fd54d97-1083-4e00-a138-1dd197dcf6a2,8902527998151,LOT25C810,2024-09-18,2029-04-07,Ipca Laboratories Ltd.,none
8b2e4b2c-d972-475e-9200-56352d087f17,8901936426455,26053687,2024-11-03,2028-03-07,Glenmark Pharmaceuticals Ltd.,none
81813521-58d9-4d07-b7d1-6c05c89b25d4,8907281013737,DE2709,2026-04-26,2029-03-28,Micro Labs Ltd.,none
bfe8b9aa-3cf9-4ee5-9359-885927763a84,8902993146925,LOT26E372,2023-02-02,2025-10-07,Wockhardt Ltd.,none
b9074a53-8081-42d1-a77d-cf2eefbfaf45,8909065355911,DN6000,2026-01-31,2029-03-02,Suraksha Pharmaceuticals Ltd.,open
6d2735ae-568b-46fb-b9de-3464cd6bb236,8901034230701,26091392,2025-01-25,2029-10-11,Abbott India Ltd.,none
d933b2a4-3db0-4720-9f1a-92cbed4325da,8906837996942,24043435,2026-05-10,2030-05-23,Natco Pharma Ltd.,none
21c7b52d-245c-492c-91b6-a5700e37a824,8904942727187,LN7728,2024-02-03,2026-09-14,Biocon Ltd.,none
0f370215-9201-4917-b616-ceba6a79ce24,8907973860299,25069739,2025-10-13,2030-06-28,USV Pvt. Ltd.,none
3832deb0-0aa8-4497-b502-edea229f6b46,8904313264691,VN0282,2026-07-12,2030-03-11,Alembic Pharmaceuticals Ltd.,none
c8f09e3e-8978-4045-b2bc-25732dad6ebb,8909640162122,VC6909,2026-03-08,2029-12-02,Indoco Remedies Ltd.,none
55693bfb-7a76-4fe3-85e5-b487b61def41,8904347358756,LOT25B775,2023-01-19,2025-07-05,Abbott India Ltd.,none
16847e52-8fa0-4919-a043-581e829c2575,8902941165461,RZ7139,2025-01-20,2026-04-10,Sun Pharmaceutical Industries Ltd.,none
3c65e2f5-d7ec-45d0-9fb2-77e3e9079eab,8906631628447,CB2775,2025-02-08,2027-01-24,Sanjeevani Formulations Pvt. Ltd.,resolved_upheld
c82ece58-cc38-405c-8bc0-3a752401ecf8,8901522284492,24087389,2026-06-02,2029-12-27,Cipla Ltd.,none
8646ef9c-f71c-4901-a565-e4ef51d3c41f,8905074921237,LOT24G935,2025-10-24,2028-12-18,Cipla Ltd.,none
0bc2e374-6282-4aad-b0ae-bb713c3e63fa,8900001499706,EW8138,2025-03-13,2028-01-21,Micro Labs Ltd.,none
ed7bba3e-cdd1-4c28-a45f-199bcff8eafc,8904477882870,HP9395,2026-06-04,2029-11-15,Indoco Remedies Ltd.,none
095f3053-e59a-4e12-874d-53e6ec180131,8909044851939,26031722,2023-06-28,2025-12-12,Piramal Pharma Ltd.,none
4d8b906a-3b18-4c2a-ba18-a9123c906689,8905140837385,25084084,2026-04-19,2030-06-10,J.B. Chemicals & Pharmaceuticals Ltd.,none
7fcb1531-876b-459f-b311-f612a6e92012,8904905010350,24079813,2024-10-27,2028-03-27,Trishakti Healthcare Ltd.,none
2ef973d8-4395-470e-878b-fc21f2eb21bb,8908234464910,26011618,2026-08-28,2031-06-22,Ipca Laboratories Ltd.,none
4800d27c-7100-426d-84f2-9ec022d9ddc4,8903504169052,VR5854,2026-03-14,2028-04-26,Alembic Pharmaceuticals Ltd.,none
9ebf5a86-42e1-4e98-8ba2-4bc2600c3325,8904313264691,GQ2820,2025-04-28,2029-11-08,Alembic Pharmaceuticals Ltd.,none
de9e913f-2550-425f-bcc4-2a96d5c1dc30,8901442334331,25042678,2026-04-28,2030-01-05,Alembic Pharmaceuticals Ltd.,none
29de35b3-6e49-4ade-9106-3ede6e0dae4a,8905929968825,MS5166,2025-07-19,2028-04-24,Glenmark Pharmaceuticals Ltd.,none
17ff46dd-f266-4304-9872-18e4722c7d6c,8903280387266,SV2811,2026-03-29,2030-08-11,Dr. Reddy's Laboratories Ltd.,none
fcdda88a-6ab6-4f6b-98fd-60d55e6d2944,8907684236474,AL1027,2026-05-31,2028-09-03,Dr. Reddy's Laboratories Ltd.,none
bf4be2c2-1e9e-411e-b3e2-caeca509de0e,8901936426455,TU0744,2026-08-30,2029-05-05,Glenmark Pharmaceuticals Ltd.,none
30faba7e-43bf-4326-8919-07104f4cfccc,8909430944205,24015651,2025-06-14,2029-04-17,Alembic Pharmaceuticals Ltd.,none
43681386-c961-43b3-8a7e-cd883f46f054,8904047855131,ND8183,2026-01-01,2030-08-08,Alembic Pharmaceuticals Ltd.,none
e8af45f3-ab69-41dc-af08-77660a3345e2,8903443533184,LOT26H731,2026-02-11,2028-01-17,Amrutha Drugs Ltd.,resolved_upheld
db6d09c3-1aab-4948-bf9d-298d03cbdcdf,8907130711211,LOT24F986,2026-06-29,2029-11-25,J.B. Chemicals & Pharmaceuticals Ltd.,none
e24f4125-9f8e-4d29-bf21-2735fc15d483,8901442334331,26066510,2024-11-30,2027-07-02,Alembic Pharmaceuticals Ltd.,none
c808598e-d01a-4499-a1cd-7f5f334684d1,8907281013737,LOT26F804,2025-04-12,2027-02-27,Micro Labs Ltd.,none
65c6ce1c-fd70-42a6-9100-1ab1d376d40a,8909640162122,CJ9539,2025-10-20,2028-03-30,Indoco Remedies Ltd.,none
1071e157-5201-4acb-90ee-b2fd214a98fe,8904998340203,26045925,2024-12-19,2028-07-21,Lupin Ltd.,none
26d1fe5a-0289-4238-b181-b5903438ab9f,8901257474364,ZM1132,2021-09-08,2026-01-05,Abbott India Ltd.,none
7ebd21c5-ffed-447f-87f3-c25e0e696ecf,8908234464910,LOT25G653,2025-09-01,2026-11-18,Ipca Laboratories Ltd.,none
1b26ab6e-7a51-4864-b6f3-3bc0fb9c0d52,8901402727471,LOT25C849,2025-11-27,2030-08-26,Mankind Pharma Ltd.,none
b23cf923-fbf2-4020-83cf-da317f373796,8905733061710,25034108,2024-11-22,2026-01-12,Abbott India Ltd.,none
dc12c434-1e77-4744-8872-f126bd6dfb37,8905458944388,LOT24A779,2025-01-03,2027-09-02,Sanofi India Ltd.,none
c91b04b9-0fe7-4408-b7cb-bef88af81a3f,8907573869302,ND5834,2023-08-15,2024-12-01,Cipla Ltd.,none
9c314ba1-86da-483b-8b5d-45a70a9352f5,8900151108194,LOT26A143,2025-08-09,2028-11-05,USV Pvt. Ltd.,none
a93eba5f-c1ec-4c2d-be2c-b881406cf1bf,8906631628447,25029358,2024-10-24,2028-11-05,Sanjeevani Formulations Pvt. Ltd.,resolved_upheld
d8e09d86-8377-4797-b4c7-ac3848c1a561,8908794237475,AK8427,2023-08-05,2024-11-17,Wockhardt Ltd.,none
f04df697-4e6d-4cff-a226-3a1832a8762d,8907281013737,24093698,2025-01-01,2027-04-07,Micro Labs Ltd.,none
589f72fd-0df6-4f9a-9691-9b48c36138b1,8909044851939,24073323,2025-11-02,2027-04-05,Piramal Pharma Ltd.,none
0b76e2cd-3737-42e5-9598-2e1f2e4e00a4,8903077944551,24043336,2025-08-03,2027-10-13,Ipca Laboratories Ltd.,none
ce8d0038-79db-44fc-a761-f75257b0b53a,8909430944205,LOT24C304,2025-11-19,2030-10-18,Alembic Pharmaceuticals Ltd.,none
2a1eb8f7-9c9d-4b42-9f06-d823e79a9afe,8901936426455,PY2719,2025-07-26,2029-08-25,Glenmark Pharmaceuticals Ltd.,none
459dbf76-59c8-4165-9eef-ab9d7f042db8,8900151108194,26074779,2025-03-30,2029-03-07,USV Pvt. Ltd.,none
bcdf3576-961f-4c01-8f05-1c39f4859f86,8907005083373,LOT26D899,2025-04-16,2030-02-26,Ipca Laboratories Ltd.,none
bdfcfde4-502f-44c4-9b1f-2c227310c03b,8901396005660,LOT24D968,2025-08-10,2028-06-30,Torrent Pharmaceuticals Ltd.,none
5a529559-b2c0-4064-8703-053911a67393,8905074921237,26012309,2026-05-06,2028-11-16,Cipla Ltd.,none
f63c2fce-a342-4b15-950a-89d601a67862,8903972376374,26093138,2025-09-13,2028-06-22,Wockhardt Ltd.,none
47532d73-edc1-4ddb-9c83-5a3abe3da0c2,8900869910602,26062581,2025-10-06,2027-09-21,Emcure Pharmaceuticals Ltd.,none
85c11629-04a1-46b2-af2d-4b1b79206afd,8906418238378,VC1436,2026-02-13,2028-12-12,Sun Pharmaceutical Industries Ltd.,none
d918d0bc-001f-4e80-8c36-ced98e2b0838,8909430944205,LOT24F337,2025-04-16,2028-04-22,Alembic Pharmaceuticals Ltd.,none
ae303dad-5697-41fe-9e59-42ad8f436cef,8901034230701,25111397,2026-01-17,2029-03-05,Abbott India Ltd.,none
3bc28015-38d8-46d4-956a-1e0f281c558f,8904196790188,LOT24D241,2026-03-07,2031-01-06,Sun Pharmaceutical Industries Ltd.,none
812e90f3-ab19-45fd-8ab3-a06d38a1ff31,8909807559534,LOT25B747,2025-11-10,2030-10-15,Cipla Ltd.,none
3cabb344-2931-497b-81d2-43556f90cd40,8907877908912,26093134,2026-04-23,2030-12-17,Intas Pharmaceuticals Ltd.,none
85177546-9e3b-4481-b8e2-8cc1e8308030,8902457859302,LOT25E737,2025-12-05,2029-03-03,Dr. Reddy's Laboratories Ltd.,none
7b1dfb7a-00cc-4b41-87be-4b5ca1c98c3a,8906961658051,TM1006,2026-01-08,2029-11-07,Punarnava Life Sciences Ltd.,resolved_overturned
6020fdd5-689e-4c6d-ac5f-0222589d48af,8900151108194,LOT26D546,2025-12-15,2027-09-16,USV Pvt. Ltd.,none
d31b0675-019c-40f0-8a0a-1e0b79786a5b,8901213895693,25021440,2026-02-14,2028-08-12,Nirmala Biotech Pvt. Ltd.,resolved_overturned
069634ab-4c22-4811-85a9-e3538b792942,8901506705318,24097777,2025-03-22,2029-11-19,Natco Pharma Ltd.,none
2de6d4bf-b653-4533-8b13-216688ba2bf7,8909640162122,25108039,2026-08-29,2028-12-03,Indoco Remedies Ltd.,none
fff2f957-40ff-4a61-9e12-854459efcce0,8908884408084,LOT24C517,2024-10-10,2028-01-01,Marksans Pharma Ltd.,none
5526adaf-fa5a-4dc1-93de-33e9e5593f00,8908673062232,LOT26C307,2026-02-15,2029-11-26,Piramal Pharma Ltd.,none
b1dd5ec1-6602-4c9e-aa62-3b7d7d6f59b5,8908424419897,VT5503,2025-01-16,2027-09-27,Silverline Drugs Pvt. Ltd.,none
28e3088d-a5d1-480a-a8af-f9036f54b746,8901034230701,WG1811,2025-03-18,2027-01-22,Abbott India Ltd.,none
3a143c9e-79e8-43ed-950c-a23354bd7da3,8905140837385,LOT25F318,2026-03-27,2030-03-27,J.B. Chemicals & Pharmaceuticals Ltd.,none
46623f72-5f1e-437c-94e9-d3f6e41e9583,8903280387266,GQ3634,2025-06-28,2027-03-12,Dr. Reddy's Laboratories Ltd.,none
e5ebe902-d988-47dc-8ecb-365c9efb45d9,8901506705318,LOT24B844,2025-05-28,2028-12-22,Natco Pharma Ltd.,none
89624d56-a883-49c0-b3f0-015b91d1c63a,8908996591367,LOT25E521,2026-02-19,2030-06-27,Ajanta Pharma Ltd.,none
0a5c57a7-3640-4520-b9b6-0ee9ef7baa14,8904942727187,LOT25H808,2025-01-16,2028-07-08,Biocon Ltd.,none
ffa4d415-9ebd-444e-b7ea-c2086743996d,8907573869302,LOT24H489,2026-04-06,2029-12-21,Cipla Ltd.,none
bb23eb62-0192-4429-ad9d-9601ec8d1d24,8905140837385,25013550,2025-06-08,2027-12-23,J.B. Chemicals & Pharmaceuticals Ltd.,none
7d3470c1-9225-4119-bfdd-1e12a1555f30,8902374543839,TQ2221,2026-06-15,2029-03-17,Piramal Pharma Ltd.,none
02847b59-9639-45e3-a6dd-8d9e4a023feb,8904520635707,ST7189,2025-03-20,2028-09-27,Alkem Laboratories Ltd.,none
99ae4087-89df-4974-9f22-b2775d7f3756,8901936426455,25056815,2024-09-20,2028-04-17,Glenmark Pharmaceuticals Ltd.,none
494b72db-7d8c-4016-8478-ddc8d247ad2d,8904520635707,25029084,2022-01-02,2025-05-26,Alkem Laboratories Ltd.,none
4416d2a9-84b0-404c-a25b-0a1319a4d150,8902822344786,LOT26A134,2026-04-05,2028-12-18,Abbott India Ltd.,none
b1972d9a-4359-4876-9dfc-47c1fadecdaf,8901936426455,25054472,2026-05-06,2028-02-27,Glenmark Pharmaceuticals Ltd.,none
6128e15f-e4dd-48ff-aaa3-0686f8c0cda6,8907281013737,24046698,2026-01-07,2029-07-26,Micro Labs Ltd.,none
7dd26d5c-bc98-45b3-8408-13ad3dd733f0,8904047855131,ZC6832,2024-11-22,2028-06-02,Alembic Pharmaceuticals Ltd.,none
34be4996-5e34-4096-bf5f-a72bed7fdc9e,8908141881974,LOT25E570,2025-03-22,2029-01-09,FDC Ltd.,none
8f415eff-acb6-4b5a-bd3b-10b0e0010bc8,8900138357454,LN3749,2025-08-06,2027-01-18,Micro Labs Ltd.,none
6704bd68-ee7e-4ad6-8e3c-2ddbbf777086,8902623846571,26012812,2025-11-21,2026-12-29,Zydus Lifesciences Ltd.,none
b10f589d-db11-40d3-a936-fc0f767ded91,8904347358756,LOT26F631,2025-06-04,2027-11-28,Abbott India Ltd.,none
24815d89-a146-4459-a715-c702ab28adbb,8906113462677,25053448,2026-09-10,2030-12-04,GlaxoSmithKline Pharmaceuticals Ltd.,none
8becc9a0-9c90-4ccd-9d07-152744f3b966,8907684236474,LOT26G255,2025-06-18,2029-01-22,Dr. Reddy's Laboratories Ltd.,none
2d6994d6-a6e0-4309-9def-0aaa1cf82faa,8907684236474,CH7913,2024-11-06,2027-10-05,Dr. Reddy's Laboratories Ltd.,none
469db0b0-d308-4c3c-87db-8a460f590220,8900001499706,LOT26F875,2025-04-27,2027-09-25,Micro Labs Ltd.,none
4ea13ace-2c63-4eb1-8287-da487de8f7d2,8906837996942,26037578,2026-05-26,2031-03-06,Natco Pharma Ltd.,none
b728f57c-244c-4c8b-a2f8-1c62fa58ad10,8902527998151,NR7544,2025-12-16,2029-11-03,Ipca Laboratories Ltd.,none
e3667c05-c034-498e-8d79-1e2e9a2da017,8904275270366,LOT25H191,2026-05-08,2029-04-21,Alembic Pharmaceuticals Ltd.,none
fdc1b44b-5903-4818-8037-6788360d725a,8901257474364,XP6947,2025-10-17,2028-05-25,Abbott India Ltd.,none
5a56e320-7598-40a9-8e26-b85b60dc65df,8902183033258,LOT24D321,2025-06-05,2028-01-15,J.B. Chemicals & Pharmaceuticals Ltd.,none
6900bbdb-a76f-458f-bb4e-c32ec83be191,8903504169052,LOT25F568,2025-04-03,2027-11-05,Alembic Pharmaceuticals Ltd.,none
b6d55e53-3300-4e87-a441-90a2554a6132,8909873411325,25045738,2025-04-09,2030-03-27,Eris Lifesciences Ltd.,none
fb7a5ba3-8e79-47fd-b165-f513e0aed123,8901179453447,25033326,2023-12-04,2025-10-25,J.B. Chemicals & Pharmaceuticals Ltd.,none
01dea157-722f-451e-88b4-6b6d1fe8a5e3,8905140837385,26111590,2026-01-07,2029-02-19,J.B. Chemicals & Pharmaceuticals Ltd.,none
4201a539-9b06-475b-9518-a0a98bc865d6,8901636102071,GL8163,2025-02-28,2028-02-06,Mankind Pharma Ltd.,none
8430d86a-cbb2-4e3d-a160-4b02b2d9e414,8907684236474,EQ0403,2025-06-19,2029-06-17,Dr. Reddy's Laboratories Ltd.,none
a822fed2-32ab-440e-9fc2-265fbbe46255,8909044851939,LOT26G903,2026-09-06,2030-12-21,Piramal Pharma Ltd.,none
26b37946-ba58-432d-b9b5-880e2d486911,8900869910602,24098303,2024-12-31,2028-09-12,Emcure Pharmaceuticals Ltd.,none
71c017ed-5aee-4836-a7ab-8200580d281b,8902334315255,24114667,2020-06-25,2024-11-08,GlaxoSmithKline Pharmaceuticals Ltd.,none
71cfc988-2b98-4921-88e4-61418952ce95,8908794237475,LOT26D383,2024-12-22,2028-08-27,Wockhardt Ltd.,none
4460baa3-fd88-47c6-9ccd-ed4940c9bd35,8908995169817,LOT24D758,2024-12-28,2028-09-09,Girivan Pharmaceuticals Pvt. Ltd.,resolved_upheld
6b6cf32b-ca54-48ed-8dc3-54e447ff43a7,8901795675954,24061339,2023-07-20,2024-10-05,Aurobindo Pharma Ltd.,none
b18411d5-c0f3-4d11-96f0-e3fbbeab0324,8904347358756,25125957,2025-01-18,2028-03-21,Abbott India Ltd.,none
7175be33-d902-4eaf-8ff4-644fc9dbae70,8905027043841,LOT24A972,2026-08-25,2028-09-18,Natco Pharma Ltd.,none
7edbd0ab-045a-4412-bd25-ea236c2ce9a1,8902334315255,LOT25C820,2025-09-21,2026-11-08,GlaxoSmithKline Pharmaceuticals Ltd.,none
9708a94e-e300-428f-a50c-215899371114,8904998340203,PW4621,2026-03-30,2029-11-26,Lupin Ltd.,none
74867d0b-51e7-46a3-9137-615ec73fcb93,8908673062232,LOT25D416,2025-09-18,2027-07-28,Piramal Pharma Ltd.,none
b4323e66-e756-4b69-95cb-ed2ee8251d0f,8904275270366,MF1568,2025-02-19,2029-02-12,Alembic Pharmaceuticals Ltd.,none
9bfb3d94-8890-4a5b-beda-d1c7aead0949,8907973860299,26064863,2025-04-03,2027-10-04,USV Pvt. Ltd.,none
fa11df3e-c441-4862-a5f9-a718dd9e0004,8900869910602,26071971,2026-01-18,2028-10-18,Emcure Pharmaceuticals Ltd.,none
cd77843f-59fc-4f6c-8bc3-934d20d36dba,8908773619281,24021986,2024-12-13,2028-08-13,Ajanta Pharma Ltd.,none
ec0bd06e-10cf-4590-af00-5e9bedd75aca,8901402727471,VH4643,2025-08-23,2028-12-06,Mankind Pharma Ltd.,none
ed3d0ada-9628-40dd-8e01-6f07e19d89d8,8906418238378,25092804,2024-09-19,2028-07-26,Sun Pharmaceutical Industries Ltd.,none
e239451b-97e4-4025-828e-129d734d9b75,8906113462677,LOT24G592,2025-03-13,2028-04-10,GlaxoSmithKline Pharmaceuticals Ltd.,none
7dc6c230-15b7-489d-b1fa-ff65621ee028,8905651807948,BW3226,2021-03-27,2025-08-20,Sun Pharmaceutical Industries Ltd.,none
84be2168-4b07-40cb-8115-8e3e558525aa,8901936426455,24025722,2023-12-29,2025-12-02,Glenmark Pharmaceuticals Ltd.,none
5f80bc49-413e-48f0-8d6f-d83aa14f4fbb,8907281013737,PG5562,2026-02-19,2029-07-22,Micro Labs Ltd.,none
6c603aa4-0998-4e1d-b2f2-fb89c5e7fc30,8900151108194,LOT24F379,2025-04-08,2029-01-25,USV Pvt. Ltd.,none
85c74300-2a7d-4ced-b544-77b6cf7d0806,8903635461183,25095514,2026-07-02,2030-10-19,Sun Pharmaceutical Industries Ltd.,none
120e605d-40c8-400e-8093-9ee06cc186b8,8903532527174,24036213,2025-10-17,2030-05-29,Zydus Lifesciences Ltd.,none
495531c4-05bb-4177-b208-89bee2575491,8905140837385,NB7825,2026-04-23,2028-08-27,J.B. Chemicals & Pharmaceuticals Ltd.,none
334a03b4-29fe-4094-81ac-f820b911fadf,8909065355911,LOT25F116,2026-08-19,2031-04-22,Suraksha Pharmaceuticals Ltd.,none
561e6960-f6d1-4689-8ecc-b0e0fb514ffd,8909808947427,FM4058,2025-12-13,2027-12-12,Micro Labs Ltd.,none
af7be4d8-2e2d-4666-8039-c70c7a941954,8906113462677,RK7283,2025-04-04,2030-03-29,GlaxoSmithKline Pharmaceuticals Ltd.,none
e76542c4-f2c7-43e0-bf02-c96b53c83d5e,8907005083373,LOT25B754,2025-11-26,2030-09-15,Ipca Laboratories Ltd.,none
9584d245-50a7-4d8c-b0a4-1ce05825309c,8905027043841,AA4656,2025-09-20,2027-12-19,Natco Pharma Ltd.,none
fbd853ed-2724-447a-ac77-60c8ae37b5f6,8902447939089,JJ4751,2025-12-27,2029-05-19,Torrent Pharmaceuticals Ltd.,none
281ad6ae-fdae-4206-abe4-16ddd5b60ba0,8909873411325,26028353,2026-08-27,2027-10-10,Eris Lifesciences Ltd.,none
ebfb3731-28ae-480a-b2a3-874326c413f8,8907107974795,LOT26C443,2025-07-30,2027-06-14,Meridian Formulations Pvt. Ltd.,resolved_upheld
6dd7ce01-1fbc-430b-b33d-89b784829443,8901550734699,VH9371,2026-04-25,2028-04-14,Kalash Biotech Ltd.,none
7f14cea9-e733-4d1d-bfe7-ae1a3ba7d1ac,8901034230701,LOT26B947,2025-09-13,2027-07-14,Abbott India Ltd.,none
85ee901b-8471-40a9-b5cc-f98c872ae73e,8908141881974,24029573,2025-09-11,2029-10-11,FDC Ltd.,none
7e156d6a-bd2e-43d8-817c-ca5c8b644db3,8904276537502,HF0646,2025-06-23,2027-02-25,Micro Labs Ltd.,none
dac215e2-4c1a-4929-9d39-535137a4357d,8901522284492,LOT24G910,2026-01-30,2028-04-01,Cipla Ltd.,none
74e248c9-c386-4801-adfd-82dcc6eb371c,8909077773430,LOT24D875,2025-01-06,2027-08-27,Suraksha Pharmaceuticals Ltd.,open
c6d6977f-9409-42a3-a4f1-263f2ba1863a,8903280387266,25048015,2025-03-16,2027-10-25,Dr. Reddy's Laboratories Ltd.,none
1518efb0-d1e8-4f3f-b060-76c207d59f86,8900471959291,24088300,2025-08-15,2029-12-05,Meridian Formulations Pvt. Ltd.,none
5b128d0a-2172-4153-81db-fae2d0e33d2f,8908794237475,LOT26F296,2025-04-13,2029-01-22,Wockhardt Ltd.,none
8a8edaee-0b31-4d1b-9a90-8ee00d116309,8903077944551,LH6792,2024-10-26,2029-01-14,Ipca Laboratories Ltd.,none
e03a02fa-536d-4b99-a041-c926c9fd49ef,8904276537502,26123580,2025-06-22,2028-04-10,Micro Labs Ltd.,none
d52caec5-26ea-4d3a-855f-2e5d281c7378,8900138357454,26056300,2025-08-07,2027-08-07,Micro Labs Ltd.,none
a67cc087-82f8-46b4-ab73-3c41385ab426,8903280387266,25115471,2026-02-19,2027-05-22,Dr. Reddy's Laboratories Ltd.,none
b7d1840d-ad4a-48f2-b421-8fdb3bf99aa1,8905601284237,24061703,2025-12-02,2027-10-09,Dr. Reddy's Laboratories Ltd.,none
4fb2d1c3-c3cf-4b3b-a9b3-c246b62409ab,8905797726421,LOT25H832,2026-04-10,2031-03-26,Punarnava Life Sciences Ltd.,none
3d31b227-521f-48e5-a37c-fce01a3f3e70,8902457859302,LOT26D602,2025-05-31,2029-09-23,Dr. Reddy's Laboratories Ltd.,none
7b618d57-e918-451e-a378-6534d5e8aec2,8900138357454,24042434,2025-02-20,2026-12-04,Micro Labs Ltd.,none
13488331-7e2d-488a-8fbf-93a985e57195,8901880806979,LOT26E339,2026-02-09,2030-05-20,Lupin Ltd.,none
a8c520b3-032b-4777-9555-b8dcdb15f030,8901707467197,ZF8691,2026-02-01,2030-07-11,GlaxoSmithKline Pharmaceuticals Ltd.,none
1c65944c-74aa-4e1a-a798-f1269e9c9fdb,8900577768900,FL3894,2026-07-18,2030-01-21,Natco Pharma Ltd.,none
6834d548-d96e-4bf5-a456-7d341b7eb52f,8901402727471,PD6313,2025-11-09,2029-10-24,Mankind Pharma Ltd.,none
2e8c0392-9cc9-4839-a83c-9136d407917f,8902457859302,25086209,2025-11-16,2028-02-09,Dr. Reddy's Laboratories Ltd.,none
41a12f7e-8bd2-4a53-bb42-ac598fb54d2b,8901522284492,LOT26E461,2026-06-23,2028-12-26,Cipla Ltd.,none
0046f0d0-9d51-45e9-8abf-de9776c97ff7,8901707467197,LOT25G877,2025-12-14,2028-12-25,GlaxoSmithKline Pharmaceuticals Ltd.,none
d369f534-2fa6-4a0a-8d41-40f800cf1474,8902374543839,LOT26B872,2024-12-25,2028-06-25,Piramal Pharma Ltd.,none
5b851a68-00b8-427d-85d1-c2c1057c87f6,8903077944551,YM2153,2026-01-09,2028-05-16,Ipca Laboratories Ltd.,none
317e0b61-99bb-4fe4-aa2c-d51140fc1c4c,8909077773430,HC9324,2026-06-12,2027-09-03,Suraksha Pharmaceuticals Ltd.,open
b5d5dcc0-a39e-440b-8604-e4c5b87b7451,8900001499706,JS2021,2026-06-16,2030-10-17,Micro Labs Ltd.,none
fdcb3d85-7591-4f1c-a9c2-751b81f20631,8901228543833,LOT26C494,2025-10-06,2027-01-27,Lupin Ltd.,none
90ac5e6c-03ea-4fd1-9367-53e29e2923e6,8905797726421,24082290,2024-12-31,2026-11-08,Punarnava Life Sciences Ltd.,none
c7882f8e-3d6f-44b4-90f7-b85d4df1d6b6,8900151108194,MN2659,2026-02-20,2027-07-08,USV Pvt. Ltd.,none
fc418937-bc0f-4773-b9c1-d33056ac1823,8901636102071,LOT24A398,2026-07-02,2028-10-17,Mankind Pharma Ltd.,none
4e4e33f8-4d28-4a0d-a421-739de71d8f8b,8905074921237,24018560,2024-10-24,2027-02-24,Cipla Ltd.,none
73b974b5-8231-424c-b6a0-0b9306cfb44f,8900811342280,AG4771,2025-08-09,2028-04-17,Girivan Pharmaceuticals Pvt. Ltd.,none
1d59efda-dad4-4aa2-bba6-0eb35baebd18,8902623846571,LOT26G821,2026-04-26,2030-11-01,Zydus Lifesciences Ltd.,none
266f32e3-4655-4ddb-bf68-10f3cd5dcd24,8909937337915,25086491,2025-09-25,2028-09-17,Glenmark Pharmaceuticals Ltd.,none
cf4a5a97-4ce8-4727-9d22-752b741e9544,8904477882870,JT0854,2025-08-29,2027-12-31,Indoco Remedies Ltd.,none
d2b08f08-df75-48ab-8b25-ff479d188d06,8900577768900,KV6972,2020-08-16,2025-07-09,Natco Pharma Ltd.,none
191ac900-5f80-4186-9897-3e37bfa73967,8909873411325,26052902,2021-07-17,2025-10-13,Eris Lifesciences Ltd.,none
b1cae376-312e-4c92-90ad-bcd992ab6e55,8908884408084,WL8894,2025-06-22,2028-10-06,Marksans Pharma Ltd.,none
ff9d5cd5-0e42-49eb-81ff-288a931a3c5b,8902334315255,25012606,2025-12-17,2027-05-09,GlaxoSmithKline Pharmaceuticals Ltd.,none
7c9bd830-d70d-4196-bad0-2d75f61e2e51,8907877908912,25099630,2025-03-27,2028-06-21,Intas Pharmaceuticals Ltd.,none
e1e6ffae-ab7a-4bcf-a004-d052af00dc48,8901522284492,26083791,2025-03-10,2029-02-19,Cipla Ltd.,none
3e18a973-dc0d-417c-8c0d-4267809e9a6e,8909352684043,24104226,2024-10-29,2029-03-15,Zydus Lifesciences Ltd.,none
77d5a958-681b-486f-ab77-d27b89b85c77,8908996591367,QE1574,2024-12-05,2027-11-10,Ajanta Pharma Ltd.,none
d4588959-dcff-41b4-aec3-8e32600b809b,8903504169052,24042838,2021-09-08,2026-01-18,Alembic Pharmaceuticals Ltd.,none
6fa2be4f-fb08-4f0f-82c7-5e0cb7158780,8905067392604,LOT25B581,2026-05-20,2029-02-16,Intas Pharmaceuticals Ltd.,none
e61ade12-8cd0-4578-b535-182a70e3cc6e,8900151108194,GC0326,2024-11-15,2029-03-07,USV Pvt. Ltd.,none
80b84f0a-bcc0-44cf-8ff4-d0c428f3725e,8904276537502,24084823,2026-07-08,2029-06-24,Micro Labs Ltd.,none
d73e5a15-5cd2-46cf-8089-f70d4f0470d1,8901795675954,KH3384,2024-09-22,2029-08-24,Aurobindo Pharma Ltd.,none
b95f7da7-3831-4011-8d29-0a45a1291fbe,8907651954380,LOT25C480,2026-01-14,2027-09-27,Bhoomi Remedies Pvt. Ltd.,none
38c3668a-1477-4983-bfca-c191bf12bbd4,8901506705318,JC7673,2026-08-09,2030-02-02,Natco Pharma Ltd.,none
2b7e11fb-417b-4a76-9ce7-be6f789aa6d2,8903504169052,26076582,2025-04-07,2027-07-02,Alembic Pharmaceuticals Ltd.,none
f30a4aa1-fb13-4663-a099-eb60086d203c,8904275270366,GK5787,2026-04-14,2030-04-04,Alembic Pharmaceuticals Ltd.,none
d5204995-e078-450c-a65a-839921142814,8903077944551,LOT25A373,2025-05-22,2028-10-31,Ipca Laboratories Ltd.,none
b7f19397-1677-4e83-a892-63c976232ae5,8909971261294,LOT25C259,2025-10-05,2029-06-19,Zydus Lifesciences Ltd.,none
aaa913e3-39fc-4389-b3cc-3e495abb89cd,8904477882870,24055276,2025-08-07,2029-10-08,Indoco Remedies Ltd.,none
c55e8463-fed0-492f-9ca9-7d789dfcf4a7,8901707467197,LOT25G992,2025-02-15,2029-03-18,GlaxoSmithKline Pharmaceuticals Ltd.,none
183e254a-4471-406e-9026-076d2662abf8,8901179453447,LOT25C399,2021-06-01,2025-04-04,J.B. Chemicals & Pharmaceuticals Ltd.,none
e1c6fe6c-fa26-43d0-8f9b-18511f7a1252,8904313264691,LOT25B305,2026-02-06,2027-08-03,Alembic Pharmaceuticals Ltd.,none
a203d87c-324b-403b-b786-1dcb09d5c10c,8909044851939,25084740,2025-08-05,2030-05-29,Piramal Pharma Ltd.,none
1305114e-0698-435d-b7b9-3d1e8f8c3767,8902457859302,ZZ5474,2025-03-28,2029-02-09,Dr. Reddy's Laboratories Ltd.,none
