id,alias_group_id,alias_text,is_canonical
8e4a166a-b63f-4b81-8c11-819d88c05735,cca5ab25-2d2b-470d-82e6-30b61329d316,Micro Labs Limited,false
8282a31a-d280-42f1-8c2e-87f847422db8,cca5ab25-2d2b-470d-82e6-30b61329d316,M/s Micro Labs Ltd.,false
0193ec2b-262b-465c-b370-168e04317267,cca5ab25-2d2b-470d-82e6-30b61329d316,Micro Labs Ltd,false
66e800db-4506-4c6d-99d4-e1d5293996be,cca5ab25-2d2b-470d-82e6-30b61329d316,माइक्रो लैब्स लिमिटेड,false
5187fbc8-ec7d-4afb-87cf-e9ae3585ede7,cca5ab25-2d2b-470d-82e6-30b61329d316,micro labs ltd.,false
71c3c5b2-a84b-44a6-9539-83acb136684f,cca5ab25-2d2b-470d-82e6-30b61329d316,Micro Labs Ltd.,true
6fb60994-5354-4b1d-99f0-431da4f2fa86,cca5ab25-2d2b-470d-82e6-30b61329d316,MICRO LABS LTD,false
9c8299a9-cf84-4bc7-b8d4-d0ba111aab57,cca5ab25-2d2b-470d-82e6-30b61329d316,Micro Labs,false
c0be1eef-2be4-43f0-974c-12aec6d896d0,1090101c-4e71-4110-ac55-639c9f163565,M/s GlaxoSmithKline Pharmaceuticals Ltd.,false
fe1e9f5f-49c6-4679-a6a6-f88a6a195af3,1090101c-4e71-4110-ac55-639c9f163565,GlaxoSmithKline Pharmaceuticals Ltd,false
1ae11a05-31eb-4106-ba0f-b97bd38f2214,1090101c-4e71-4110-ac55-639c9f163565,GLAXOSMITHKLINE PHARMACEUTICALS LTD,false
cd8a29e5-9819-41e4-959a-8fa32d3df4bb,1090101c-4e71-4110-ac55-639c9f163565,GlaxoSmithKline Pharmaceuticals Limited,false
88ec8fa7-ce31-4f7c-81fa-142658a926d6,1090101c-4e71-4110-ac55-639c9f163565,glaxosmithkline pharmaceuticals ltd.,false
8def5383-d0bc-48fa-a322-a5f417662c07,1090101c-4e71-4110-ac55-639c9f163565,GlaxoSmithKline Pharmaceuticals,false
5157ecb6-09b7-4afa-a248-5ad5021b2251,1090101c-4e71-4110-ac55-639c9f163565,GlaxoSmithKline Pharmaceuticals Ltd.,true
f51b3286-3d08-4e51-9328-b6b89815eda9,df67d6c5-2638-454d-b429-fdb7e4ea662b,Cipla Ltd.,true
37825d08-6376-4b42-b0a1-e33d74435e92,df67d6c5-2638-454d-b429-fdb7e4ea662b,M/s Cipla Ltd.,false
88b420a7-b00b-48cb-83b6-2d84c9bc4769,df67d6c5-2638-454d-b429-fdb7e4ea662b,cipla ltd.,false
86952d8d-f83e-4231-a5d6-793abc94db9c,df67d6c5-2638-454d-b429-fdb7e4ea662b,Cipla,false
6357b975-19ce-490f-a386-e2934af2e3b8,df67d6c5-2638-454d-b429-fdb7e4ea662b,CIPLA LTD,false
104f1754-d452-49e7-9a71-6841f71a60e4,df67d6c5-2638-454d-b429-fdb7e4ea662b,Cipla Ltd,false
e5bf925f-b88b-4a54-8c35-9678d7f76dec,df67d6c5-2638-454d-b429-fdb7e4ea662b,सिप्ला लिमिटेड,false
bc5e9713-ea4b-4abb-80e0-350b8d58e496,df67d6c5-2638-454d-b429-fdb7e4ea662b,Cipla Limited,false
8ca2a55a-7f50-49fa-9b75-431d7306bd0a,9e432bc2-e1d4-49dd-8e4f-f7a9ce132a71,Alembic Pharmaceuticals Limited,false
30d672ad-b8e1-4bda-afc0-a392a3afaf79,9e432bc2-e1d4-49dd-8e4f-f7a9ce132a71,Alembic Pharmaceuticals,false
2771be30-2598-4f32-b8cb-5fe366c5ca17,9e432bc2-e1d4-49dd-8e4f-f7a9ce132a71,Alembic Pharmaceuticals Ltd,false
6db34183-094a-45c5-8c64-58341012659e,9e432bc2-e1d4-49dd-8e4f-f7a9ce132a71,Alembic Pharmaceuticals Ltd.,true
8881f18d-5e5c-451d-9029-1f398546ec2b,9e432bc2-e1d4-49dd-8e4f-f7a9ce132a71,M/s Alembic Pharmaceuticals Ltd.,false
ef91919f-0866-4b5b-b830-6d1234c6eb7b,9e432bc2-e1d4-49dd-8e4f-f7a9ce132a71,alembic pharmaceuticals ltd.,false
eff614c5-e8ab-4b76-81f4-347d49c26de2,9e432bc2-e1d4-49dd-8e4f-f7a9ce132a71,ALEMBIC PHARMACEUTICALS LTD,false
ba01b192-27ea-426e-adfe-0faff7d1381c,561e419f-26df-44e7-9088-99098624c126,MANKIND PHARMA LTD,false
365715d2-6eb5-4aeb-8769-5a82647fc100,561e419f-26df-44e7-9088-99098624c126,Mankind Pharma,false
1107244d-7aa0-4d91-b028-31225370704b,561e419f-26df-44e7-9088-99098624c126,मैनकाइंड फार्मा लिमिटेड,false
0dda68b5-1c33-4b84-a27d-b3d3dafecfb7,561e419f-26df-44e7-9088-99098624c126,Mankind Pharma Ltd,false
23ddbb0f-8a21-4c20-abc6-e1f156e53eac,561e419f-26df-44e7-9088-99098624c126,Mankind Pharma Ltd.,true
7307a5e9-55b0-4064-8099-ad2e3207d08e,561e419f-26df-44e7-9088-99098624c126,Mankind Pharma Limited,false
e98241a2-b16f-4c1d-ae70-3a36b198d8b5,561e419f-26df-44e7-9088-99098624c126,M/s Mankind Pharma Ltd.,false
62f982e7-d528-4a2d-8303-8ff90283c047,561e419f-26df-44e7-9088-99098624c126,mankind pharma ltd.,false
75aec873-d918-49f1-8e9f-ac4736ff7c90,250bd61a-1633-44d4-8aa7-b033fbe874f6,Sun Pharmaceutical Industries Ltd,false
59b1ae3c-a59e-4f0b-8588-bd07a6680986,250bd61a-1633-44d4-8aa7-b033fbe874f6,सन फार्मास्युटिकल इंडस्ट्रीज़ लिमिटेड,false
ea45b196-c1e1-42ab-9d11-d9a9f7e67505,250bd61a-1633-44d4-8aa7-b033fbe874f6,Sun Pharmaceutical Industries Limited,false
a925214d-aba8-4533-9cd3-51c8c9d8c05c,250bd61a-1633-44d4-8aa7-b033fbe874f6,Sun Pharmaceutical Industries,false
469e738c-8442-4b98-b72d-0c689460f907,250bd61a-1633-44d4-8aa7-b033fbe874f6,SUN PHARMACEUTICAL INDUSTRIES LTD,false
2d1eb582-8bf2-4c02-8eb6-99512dc0d00e,250bd61a-1633-44d4-8aa7-b033fbe874f6,M/s Sun Pharmaceutical Industries Ltd.,false
05e4c831-41e4-42c3-83de-d09d47764a02,250bd61a-1633-44d4-8aa7-b033fbe874f6,sun pharmaceutical industries ltd.,false
1f8d86e2-ed6b-4bce-8883-079540698308,250bd61a-1633-44d4-8aa7-b033fbe874f6,Sun Pharmaceutical Industries Ltd.,true
6f42cb45-26d5-418e-8fbe-5ac937ea41a3,2ccdd6a4-340f-475d-9a95-cdbae4d8a558,Alkem Laboratories,false
fa755ec8-ff6a-4a90-b530-1f1248ca7fb2,2ccdd6a4-340f-475d-9a95-cdbae4d8a558,एल्केम लेबोरेटरीज़ लिमिटेड,false
397259a2-7a4e-4316-97b8-12cc12d28bcc,2ccdd6a4-340f-475d-9a95-cdbae4d8a558,Alkem Laboratories Limited,false
b5ae49e5-0e09-4bb9-93c6-6177ab291d22,2ccdd6a4-340f-475d-9a95-cdbae4d8a558,Alkem Laboratories Ltd,false
eff59ec9-4c0e-407d-b82a-cc08de019dc7,2ccdd6a4-340f-475d-9a95-cdbae4d8a558,Alkem Laboratories Ltd.,true
bd06d805-6d87-42b8-a89c-a63c145b7768,2ccdd6a4-340f-475d-9a95-cdbae4d8a558,alkem laboratories ltd.,false
f4b9e461-ec47-4a94-8e38-9bfeac71011b,2ccdd6a4-340f-475d-9a95-cdbae4d8a558,ALKEM LABORATORIES LTD,false
22c4278a-e050-4575-99a0-a4ee6ae195e3,2ccdd6a4-340f-475d-9a95-cdbae4d8a558,M/s Alkem Laboratories Ltd.,false
825f96c1-1f7d-4eed-be59-2f5c44a6c324,6ac1f6be-9a1e-4b53-93e7-03279f20b30c,USV Pvt Ltd,false
ade58aa7-fe81-4706-affd-9a6b926ea7ce,6ac1f6be-9a1e-4b53-93e7-03279f20b30c,USV,false
032c5783-10c1-43fe-82f5-397451ecd6c7,6ac1f6be-9a1e-4b53-93e7-03279f20b30c,M/s USV Pvt. Ltd.,false
daf99dea-e08d-4b79-a766-1be22d22f6b2,6ac1f6be-9a1e-4b53-93e7-03279f20b30c,usv pvt. ltd.,false
ade36e04-2427-4653-94b2-c64e94c949f4,6ac1f6be-9a1e-4b53-93e7-03279f20b30c,USV Pvt. Limited,false
c4f8db88-691b-4eb6-b5e5-f555a1148642,6ac1f6be-9a1e-4b53-93e7-03279f20b30c,USV PVT LTD,false
e2dce6a2-6eb3-48da-856a-55b699e9860d,6ac1f6be-9a1e-4b53-93e7-03279f20b30c,USV Pvt. Ltd.,true
adb299a9-2621-49e4-87c7-07ef6bedb561,f3b10dbd-dc3a-4f40-a4cc-4fa0a180b9ca,Glenmark Pharmaceuticals Limited,false
61e236f3-5c09-4748-8e69-81921f4ebe6b,f3b10dbd-dc3a-4f40-a4cc-4fa0a180b9ca,Glenmark Pharmaceuticals Ltd,false
56dadd8b-ca90-4dd5-86e8-b272a0c3c88f,f3b10dbd-dc3a-4f40-a4cc-4fa0a180b9ca,Glenmark Pharmaceuticals Ltd.,true
eb6ef0ce-b400-427a-a8bf-fb503051e79e,f3b10dbd-dc3a-4f40-a4cc-4fa0a180b9ca,Glenmark Pharmaceuticals,false
b522d45e-9d2c-4bdf-a3ad-568a851968a4,f3b10dbd-dc3a-4f40-a4cc-4fa0a180b9ca,M/s Glenmark Pharmaceuticals Ltd.,false
8f7782f5-0c2a-4cab-9455-d19603a34d7c,f3b10dbd-dc3a-4f40-a4cc-4fa0a180b9ca,glenmark pharmaceuticals ltd.,false
b209212e-d84e-40a4-9ac9-fd146d15a4f4,f3b10dbd-dc3a-4f40-a4cc-4fa0a180b9ca,GLENMARK PHARMACEUTICALS LTD,false
bb4b47c5-aadf-4ad2-b2ab-da4ea6bd7caa,d76b50cd-41fd-49ee-849b-a3cd7c058bc4,Sanofi India,false
ecf6b07b-9f31-4c97-bee9-22bbe2fb1599,d76b50cd-41fd-49ee-849b-a3cd7c058bc4,M/s Sanofi India Ltd.,false
22ac034c-f57c-43f9-a93f-5b4a992b290c,d76b50cd-41fd-49ee-849b-a3cd7c058bc4,SANOFI INDIA LTD,false
f7a8ecdf-8073-41a6-811c-0a5e624cc197,d76b50cd-41fd-49ee-849b-a3cd7c058bc4,sanofi india ltd.,false
e6570916-5d53-4bd6-9ed1-106c3d88116e,d76b50cd-41fd-49ee-849b-a3cd7c058bc4,Sanofi India Ltd,false
1fa53ea1-0978-467f-80a8-97ee095e5b44,d76b50cd-41fd-49ee-849b-a3cd7c058bc4,Sanofi India Limited,false
c907abf9-8899-478a-b8aa-b7b72a354f6e,d76b50cd-41fd-49ee-849b-a3cd7c058bc4,Sanofi India Ltd.,true
4079b776-376a-46b1-b2d3-4502bcefd482,37481ea9-0e75-43d4-bc2e-e6009256b9eb,Dr. Reddy's Laboratories Limited,false
35d02a32-af94-4141-a198-784590db22a0,37481ea9-0e75-43d4-bc2e-e6009256b9eb,M/s Dr. Reddy's Laboratories Ltd.,false
6d4c4fe3-9e39-49b3-b819-4cf020fe7923,37481ea9-0e75-43d4-bc2e-e6009256b9eb,Dr. Reddy's Laboratories Ltd.,true
b9e79d11-336c-4390-8c81-4ea5cbf109e6,37481ea9-0e75-43d4-bc2e-e6009256b9eb,Dr. Reddy's Laboratories,false
13731bfc-9f76-4f27-99dd-84b696d51d08,37481ea9-0e75-43d4-bc2e-e6009256b9eb,Dr Reddy's Laboratories Ltd,false
65a8e353-a471-4873-8de4-379054792dfc,37481ea9-0e75-43d4-bc2e-e6009256b9eb,डॉ. रेड्डीज़ लेबोरेटरीज़ लिमिटेड,false
53d4ce2c-aaeb-47ba-a250-4354a8c93f3c,37481ea9-0e75-43d4-bc2e-e6009256b9eb,DR REDDY'S LABORATORIES LTD,false
f55d9010-1765-49a5-8185-0095f7b25910,37481ea9-0e75-43d4-bc2e-e6009256b9eb,dr. reddy's laboratories ltd.,false
c22885d5-ab88-4d51-85c3-b056da530e24,986b9464-8658-496f-a682-4a9b7cc039ef,ajanta pharma ltd.,false
8649ceaa-565e-421a-be89-93aff3398a63,986b9464-8658-496f-a682-4a9b7cc039ef,Ajanta Pharma,false
50ae6b9c-256c-425e-ad94-f2f19c4985d5,986b9464-8658-496f-a682-4a9b7cc039ef,Ajanta Pharma Ltd,false
37253354-c7f4-4373-8fad-22fdc28f664d,986b9464-8658-496f-a682-4a9b7cc039ef,AJANTA PHARMA LTD,false
e8954c9b-7108-4522-80e5-0c3da765bab9,986b9464-8658-496f-a682-4a9b7cc039ef,Ajanta Pharma Limited,false
0bfa0ac0-4620-41af-adfa-faeafb9ec25a,986b9464-8658-496f-a682-4a9b7cc039ef,Ajanta Pharma Ltd.,true
bb73324b-75dd-461e-adb8-c3b39853947e,986b9464-8658-496f-a682-4a9b7cc039ef,M/s Ajanta Pharma Ltd.,false
cec3f499-47b9-4b4a-9fca-e6b271694dd1,ae0d6b00-5002-4238-a54b-b691292655ff,Biocon,false
40b8ff92-8139-42e9-820c-5106dfe4051a,ae0d6b00-5002-4238-a54b-b691292655ff,Biocon Ltd.,true
c18205d2-9578-42aa-adf0-4c504e7c2e8e,ae0d6b00-5002-4238-a54b-b691292655ff,biocon ltd.,false
50aea120-ff13-4994-a532-a5b7bbf6a62c,ae0d6b00-5002-4238-a54b-b691292655ff,M/s Biocon Ltd.,false
31619c40-3c9c-41f4-a4df-00ebe48bc3d1,ae0d6b00-5002-4238-a54b-b691292655ff,BIOCON LTD,false
6493aa9f-d15c-44cf-b211-08e3662ec941,ae0d6b00-5002-4238-a54b-b691292655ff,Biocon Ltd,false
92fb39b2-6533-4503-9ae9-dd0c8cbae699,ae0d6b00-5002-4238-a54b-b691292655ff,Biocon Limited,false
f04d1434-c782-4f36-86be-4077f335e43b,bd810d11-d8d5-4d57-acad-03bed4c4a72e,J.B. Chemicals & Pharmaceuticals,false
57c82a10-ef21-4091-9f01-fbebcde4db1a,bd810d11-d8d5-4d57-acad-03bed4c4a72e,j.b. chemicals & pharmaceuticals ltd.,false
565404c9-1ec3-46a8-9f83-bdf8c7024e3b,bd810d11-d8d5-4d57-acad-03bed4c4a72e,JB CHEMICALS & PHARMACEUTICALS LTD,false
dccf4e40-78e5-4b9f-af96-6339c9d8c731,bd810d11-d8d5-4d57-acad-03bed4c4a72e,JB Chemicals & Pharmaceuticals Ltd,false
ea2d397c-e56d-4ba0-ba82-6ed5a69ceefc,bd810d11-d8d5-4d57-acad-03bed4c4a72e,M/s J.B. Chemicals & Pharmaceuticals Ltd.,false
19d1edce-2b42-466d-b6cb-16fc12b748d2,bd810d11-d8d5-4d57-acad-03bed4c4a72e,J.B. Chemicals & Pharmaceuticals Ltd.,true
77f2e791-d88a-42b1-ab03-4090bdc3126c,bd810d11-d8d5-4d57-acad-03bed4c4a72e,J.B. Chemicals & Pharmaceuticals Limited,false
284653ab-d205-4d83-a912-0972312ce584,adc72991-8c10-4f7c-9927-ae89297b7174,Zydus Lifesciences Ltd,false
223270e9-992f-4b7e-aaf9-ea0b3e06baf1,adc72991-8c10-4f7c-9927-ae89297b7174,Zydus Lifesciences Ltd.,true
15c59b7b-b233-461d-9a40-3df7a9514c1a,adc72991-8c10-4f7c-9927-ae89297b7174,M/s Zydus Lifesciences Ltd.,false
8cd31717-59c5-4e60-9f47-fd2687f639a8,adc72991-8c10-4f7c-9927-ae89297b7174,ZYDUS LIFESCIENCES LTD,false
a07ed662-f5b8-416a-9f0e-213540421116,adc72991-8c10-4f7c-9927-ae89297b7174,zydus lifesciences ltd.,false
9edc2b53-08ad-4f57-a4bb-3946d106db36,adc72991-8c10-4f7c-9927-ae89297b7174,ज़ाइडस लाइफसाइंसेज़ लिमिटेड,false
99cb4331-38b8-480a-baca-3250c403cb6e,adc72991-8c10-4f7c-9927-ae89297b7174,Zydus Lifesciences,false
48e955f6-6e37-41e3-b403-78b9aef86744,adc72991-8c10-4f7c-9927-ae89297b7174,Zydus Lifesciences Limited,false
42bbc054-8dfa-40c9-9611-d328e47a0d5b,7ebaa025-6f09-413c-a126-597e272c1ef3,IPCA LABORATORIES LTD,false
344d8d5a-2689-4a05-816f-1df39e7c648b,7ebaa025-6f09-413c-a126-597e272c1ef3,M/s Ipca Laboratories Ltd.,false
73962b7c-9351-4c09-91fd-6287cab1044a,7ebaa025-6f09-413c-a126-597e272c1ef3,Ipca Laboratories Ltd,false
347f011c-6df9-4932-8aeb-4d681f574245,7ebaa025-6f09-413c-a126-597e272c1ef3,ipca laboratories ltd.,false
d08fd728-e67f-42b4-b559-9cc19e7b33db,7ebaa025-6f09-413c-a126-597e272c1ef3,Ipca Laboratories,false
8e5ee0a6-b9c7-4cdf-a8c9-d28b113e7bfe,7ebaa025-6f09-413c-a126-597e272c1ef3,Ipca Laboratories Ltd.,true
8fdfe4a5-5017-435b-9c9a-1c7866e87c5c,7ebaa025-6f09-413c-a126-597e272c1ef3,Ipca Laboratories Limited,false
f472c941-6f4e-4f29-9953-3b97e6181908,2a7468f7-87e4-4122-85e8-29ed965a54f7,Wockhardt,false
a0e199d6-eb65-423b-a0c8-aa51379e87ee,2a7468f7-87e4-4122-85e8-29ed965a54f7,WOCKHARDT LTD,false
f14aa9c0-c380-4275-b284-a83018827c9a,2a7468f7-87e4-4122-85e8-29ed965a54f7,Wockhardt Limited,false
a780b963-7fa4-488e-a382-e6f5273a8643,2a7468f7-87e4-4122-85e8-29ed965a54f7,Wockhardt Ltd,false
6f264888-3fc0-44ea-8536-802119d96c91,2a7468f7-87e4-4122-85e8-29ed965a54f7,Wockhardt Ltd.,true
6dc18df6-37c0-4a7e-827e-60d9f495e56f,2a7468f7-87e4-4122-85e8-29ed965a54f7,wockhardt ltd.,false
a1c0a6bc-76f1-4d5e-99d7-198217bd2aaf,2a7468f7-87e4-4122-85e8-29ed965a54f7,M/s Wockhardt Ltd.,false
229f5359-93a1-45f8-98e8-40f48f0cc5eb,e2b1748d-8a39-4f96-9dc2-f22b323ead69,M/s Abbott India Ltd.,false
50b26560-37bd-4a8d-99d2-6209ad364b48,e2b1748d-8a39-4f96-9dc2-f22b323ead69,abbott india ltd.,false
166861fa-82d1-430f-a89d-a78d27790bab,e2b1748d-8a39-4f96-9dc2-f22b323ead69,Abbott India Ltd,false
d726d2c5-a3ba-4d8c-b06c-7311750905d4,e2b1748d-8a39-4f96-9dc2-f22b323ead69,Abbott India,false
4964cc09-a63e-4af5-a24b-b8d01505755b,e2b1748d-8a39-4f96-9dc2-f22b323ead69,Abbott India Ltd.,true
32f6d8a5-7954-4d2a-8d02-1f5bfb8f9dad,e2b1748d-8a39-4f96-9dc2-f22b323ead69,Abbott India Limited,false
1a0c4403-b106-4c06-805c-9bf6de952c5f,e2b1748d-8a39-4f96-9dc2-f22b323ead69,ABBOTT INDIA LTD,false
c83cf3cb-ecd6-4992-af86-78103e0510da,d757e044-af87-4bdf-8042-368cde4577ec,Indoco Remedies Ltd,false
67cbf77f-1c5f-425e-afdd-a391f76f2db0,d757e044-af87-4bdf-8042-368cde4577ec,Indoco Remedies Limited,false
ffeb507b-da0d-4163-9d25-161d1401b200,d757e044-af87-4bdf-8042-368cde4577ec,INDOCO REMEDIES LTD,false
690c8c9f-4a35-4e71-942e-910730cd8ace,d757e044-af87-4bdf-8042-368cde4577ec,Indoco Remedies,false
8f8c3291-ae2e-4b62-89b2-b554a04a5d6c,d757e044-af87-4bdf-8042-368cde4577ec,M/s Indoco Remedies Ltd.,false
60852e07-069e-405a-897d-122238704b32,d757e044-af87-4bdf-8042-368cde4577ec,Indoco Remedies Ltd.,true
3130f98a-9255-4743-b02b-cb165d84f37b,d757e044-af87-4bdf-8042-368cde4577ec,indoco remedies ltd.,false
3a768b6a-2c81-4f60-baa2-e6c2dd56f643,33bc0a94-b51a-417a-8747-a03a167f18d8,M/s Piramal Pharma Ltd.,false
f8451e03-5671-432f-9c5d-15966c6f42ce,33bc0a94-b51a-417a-8747-a03a167f18d8,Piramal Pharma Ltd,false
aeb92762-f4b0-4cb5-92e0-63560e737916,33bc0a94-b51a-417a-8747-a03a167f18d8,Piramal Pharma Ltd.,true
73e3c406-3f8c-411e-8b31-a2699f80536d,33bc0a94-b51a-417a-8747-a03a167f18d8,piramal pharma ltd.,false
9e318654-37d5-4b9e-9fd3-b34c250ba199,33bc0a94-b51a-417a-8747-a03a167f18d8,Piramal Pharma Limited,false
61f6a917-c719-473c-b607-56e76f0ce707,33bc0a94-b51a-417a-8747-a03a167f18d8,Piramal Pharma,false
6d74f121-0a52-439f-a97c-9037855f52a7,33bc0a94-b51a-417a-8747-a03a167f18d8,PIRAMAL PHARMA LTD,false
32eb6491-217b-4303-8dd3-e81dede70291,654dea04-d1d4-4a7e-9d01-ce540d2b6aac,Intas Pharmaceuticals Ltd,false
ffe78f89-312a-4fc5-9897-dfd420a677cc,654dea04-d1d4-4a7e-9d01-ce540d2b6aac,intas pharmaceuticals ltd.,false
9b1c3b13-4f38-4be9-bdef-2e2bc44a70b4,654dea04-d1d4-4a7e-9d01-ce540d2b6aac,Intas Pharmaceuticals,false
de260c45-34c3-4ff6-b091-04dd1d02de83,654dea04-d1d4-4a7e-9d01-ce540d2b6aac,INTAS PHARMACEUTICALS LTD,false
08030b6a-7e7a-4fc4-86d9-9c4ccba32fb2,654dea04-d1d4-4a7e-9d01-ce540d2b6aac,Intas Pharmaceuticals Limited,false
48fba8c4-a65a-4953-9e74-6dffb0137451,654dea04-d1d4-4a7e-9d01-ce540d2b6aac,Intas Pharmaceuticals Ltd.,true
a0105c32-0f56-41a0-b4f1-5606adfe9716,654dea04-d1d4-4a7e-9d01-ce540d2b6aac,M/s Intas Pharmaceuticals Ltd.,false
05271101-4506-44d5-8af9-06aaceff098f,7c2b53a1-a1bd-4416-9f60-66992b433194,M/s Torrent Pharmaceuticals Ltd.,false
6cdccb91-c60f-4237-a008-c1acbdc2f48d,7c2b53a1-a1bd-4416-9f60-66992b433194,Torrent Pharmaceuticals Ltd,false
d8535aa3-c6ee-4870-8aa1-55a59868b2ef,7c2b53a1-a1bd-4416-9f60-66992b433194,torrent pharmaceuticals ltd.,false
228c7ada-8823-4504-984a-579113b2bf2a,7c2b53a1-a1bd-4416-9f60-66992b433194,TORRENT PHARMACEUTICALS LTD,false
d7ad9298-382d-41fc-808a-21b11ae2315c,7c2b53a1-a1bd-4416-9f60-66992b433194,Torrent Pharmaceuticals Limited,false
372eb544-b61c-418f-9444-7ce0933afe12,7c2b53a1-a1bd-4416-9f60-66992b433194,Torrent Pharmaceuticals,false
58d3dce8-0b16-43c1-bb60-266b2fb9d34b,7c2b53a1-a1bd-4416-9f60-66992b433194,टॉरेंट फार्मास्युटिकल्स लिमिटेड,false
027cc711-12e0-4f7b-af70-cccffe502cc6,7c2b53a1-a1bd-4416-9f60-66992b433194,Torrent Pharmaceuticals Ltd.,true
45bb7438-e32b-4997-8160-102b634eafad,44e34345-744f-4918-8e95-e4e1b70f306d,Aurobindo Pharma Ltd,false
3d12d00c-3521-4f99-b5b7-63e0d7145fdd,44e34345-744f-4918-8e95-e4e1b70f306d,Aurobindo Pharma Limited,false
731b1d60-f545-4470-b643-f1ef3d80225e,44e34345-744f-4918-8e95-e4e1b70f306d,aurobindo pharma ltd.,false
197e414c-d451-4a22-851f-080b79e5c3de,44e34345-744f-4918-8e95-e4e1b70f306d,ऑरोबिंदो फार्मा लिमिटेड,false
a7e14ced-d217-4611-b442-72cfd038a9ba,44e34345-744f-4918-8e95-e4e1b70f306d,Aurobindo Pharma,false
fcac5cac-9de6-4bf5-803d-51691edc67c1,44e34345-744f-4918-8e95-e4e1b70f306d,M/s Aurobindo Pharma Ltd.,false
20185d26-46c9-48aa-af2b-cd7d12cfa3fb,44e34345-744f-4918-8e95-e4e1b70f306d,AUROBINDO PHARMA LTD,false
a084fb2d-56f0-4f8d-bea8-1a12dbe1dada,44e34345-744f-4918-8e95-e4e1b70f306d,Aurobindo Pharma Ltd.,true
a6787ca4-6a8d-4bea-9fcc-5b707fb642a9,9fc351bd-c7f4-4512-bac1-59b045c4c75d,ल्यूपिन लिमिटेड,false
57c851a1-b166-48c5-8b14-5dabf1279ebd,9fc351bd-c7f4-4512-bac1-59b045c4c75d,M/s Lupin Ltd.,false
9edb0662-b2ef-4edb-8ce2-b4b9bb272517,9fc351bd-c7f4-4512-bac1-59b045c4c75d,LUPIN LTD,false
28fefc31-51e4-4779-9773-b4c34bc8b1d9,9fc351bd-c7f4-4512-bac1-59b045c4c75d,lupin ltd.,false
6bdac882-8444-443c-a8f7-eaa9f21571b9,9fc351bd-c7f4-4512-bac1-59b045c4c75d,Lupin Ltd.,true
9f3c69eb-7ac8-4083-9fce-b54c7a5801ed,9fc351bd-c7f4-4512-bac1-59b045c4c75d,Lupin Ltd,false
5cdaf4ff-6459-43ab-8ff4-f7152647b12e,9fc351bd-c7f4-4512-bac1-59b045c4c75d,Lupin,false
172e5310-7555-439e-b84c-e1de620d3584,9fc351bd-c7f4-4512-bac1-59b045c4c75d,Lupin Limited,false
9d5f7d3c-e391-4eaa-9cc2-ba947159258f,4c3e4b54-ef52-4f08-a67a-68420eeef1e8,Marksans Pharma Limited,false
0bd33400-50b2-4b0a-9251-21f4b8b50ef7,4c3e4b54-ef52-4f08-a67a-68420eeef1e8,MARKSANS PHARMA LTD,false
1808c035-9775-44b6-a4d8-6853932b4c48,4c3e4b54-ef52-4f08-a67a-68420eeef1e8,Marksans Pharma Ltd,false
edadee82-fccf-48a9-be34-e3382a6d09b5,4c3e4b54-ef52-4f08-a67a-68420eeef1e8,Marksans Pharma Ltd.,true
620c84b1-b61c-4f8d-b4b4-92aabc69acb1,4c3e4b54-ef52-4f08-a67a-68420eeef1e8,M/s Marksans Pharma Ltd.,false
37249aa2-2552-4ee1-8880-9474ab20e083,4c3e4b54-ef52-4f08-a67a-68420eeef1e8,marksans pharma ltd.,false
87e69cb6-a0a0-4863-b661-652a692a60ae,4c3e4b54-ef52-4f08-a67a-68420eeef1e8,Marksans Pharma,false
42e2b567-979c-43ed-8cf6-a089a6001575,ec132e5f-04a1-4fde-973b-3992181d7055,Natco Pharma Ltd.,true
99214830-79e2-400c-a95a-d0d0d67c8d03,ec132e5f-04a1-4fde-973b-3992181d7055,NATCO PHARMA LTD,false
fbab55fd-9f1d-427e-839d-d30fbf9ad088,ec132e5f-04a1-4fde-973b-3992181d7055,Natco Pharma Limited,false
98cdf02b-ee82-4b73-8a61-2d062aee7f35,ec132e5f-04a1-4fde-973b-3992181d7055,M/s Natco Pharma Ltd.,false
b794c079-e55a-45db-b05b-46d74e2498b2,ec132e5f-04a1-4fde-973b-3992181d7055,Natco Pharma,false
01ccbb21-6504-46e8-9783-86184bd6e607,ec132e5f-04a1-4fde-973b-3992181d7055,Natco Pharma Ltd,false
6dc1e39e-c273-42c1-bc2f-798ed7442aef,ec132e5f-04a1-4fde-973b-3992181d7055,natco pharma ltd.,false
8475332b-afad-49a9-b523-3a31e26829ac,a804192a-37f9-4d13-a58a-4e97055a0fc6,Emcure Pharmaceuticals Ltd.,true
32dc81cc-b07b-48ab-a2e2-39e75b933abb,a804192a-37f9-4d13-a58a-4e97055a0fc6,EMCURE PHARMACEUTICALS LTD,false
ce4bcf4c-9511-4078-b3e4-1d626a49a268,a804192a-37f9-4d13-a58a-4e97055a0fc6,Emcure Pharmaceuticals,false
f861f049-b977-4caa-b2fb-db41be683cd0,a804192a-37f9-4d13-a58a-4e97055a0fc6,emcure pharmaceuticals ltd.,false
15acb055-e92e-4d7a-91b4-8546776a8a62,a804192a-37f9-4d13-a58a-4e97055a0fc6,Emcure Pharmaceuticals Limited,false
00e8a43a-7b28-45f0-8397-200099837c4c,a804192a-37f9-4d13-a58a-4e97055a0fc6,Emcure Pharmaceuticals Ltd,false
0490a875-8710-415c-905d-83e522aaab74,a804192a-37f9-4d13-a58a-4e97055a0fc6,M/s Emcure Pharmaceuticals Ltd.,false
df3a100d-a557-4c4e-ba38-8c0508eae90c,ab29dcbb-a8d5-4ca6-96b5-969fd507bb05,ERIS LIFESCIENCES LTD,false
b0ea4c46-30a7-4642-89fd-7d88991a9adb,ab29dcbb-a8d5-4ca6-96b5-969fd507bb05,Eris Lifesciences Ltd,false
66d23a98-dcd3-4464-a9a3-4f0cb63a8448,ab29dcbb-a8d5-4ca6-96b5-969fd507bb05,M/s Eris Lifesciences Ltd.,false
72971b32-8a10-4ce7-a8b8-f07451651dee,ab29dcbb-a8d5-4ca6-96b5-969fd507bb05,eris lifesciences ltd.,false
72880705-1a2e-4686-8a4e-d9ed798a45d3,ab29dcbb-a8d5-4ca6-96b5-969fd507bb05,Eris Lifesciences,false
9c7ada93-fa02-400c-b973-8e8d684afca4,ab29dcbb-a8d5-4ca6-96b5-969fd507bb05,Eris Lifesciences Limited,false
fbd716ac-06cc-437d-870b-0440e202a51c,ab29dcbb-a8d5-4ca6-96b5-969fd507bb05,Eris Lifesciences Ltd.,true
12cd34c4-e75c-4fb7-8096-62e4a5f12ea2,b6189ee4-527f-44c6-8f19-80f0406eae39,FDC Limited,false
392144df-7d14-43d1-97b9-7cf8b1e9a7e3,b6189ee4-527f-44c6-8f19-80f0406eae39,FDC,false
ee63cecb-e376-4820-bdc2-792cbb640b46,b6189ee4-527f-44c6-8f19-80f0406eae39,FDC LTD,false
107859aa-342b-4da0-839a-f19d4825c820,b6189ee4-527f-44c6-8f19-80f0406eae39,M/s FDC Ltd.,false
88b41ff8-6b56-4330-ac4d-4ddd48dac1c9,b6189ee4-527f-44c6-8f19-80f0406eae39,FDC Ltd.,true
02fc2316-244c-47f3-8d16-03ad4102e780,b6189ee4-527f-44c6-8f19-80f0406eae39,fdc ltd.,false
2952d817-e639-41e4-b60e-25a4ba96ebc2,b6189ee4-527f-44c6-8f19-80f0406eae39,FDC Ltd,false
43e15d1d-8ba8-4f7b-abf3-808a4cd4ee8a,faca85fd-0544-4e4b-bef3-b8fecbde3de2,SURAKSHA PHARMACEUTICALS LTD,false
74e45435-0b1a-4977-8165-177053b9a2ba,faca85fd-0544-4e4b-bef3-b8fecbde3de2,Suraksha Pharmaceuticals Limited,false
28339688-833a-40e2-bdc1-6f0037574c2e,faca85fd-0544-4e4b-bef3-b8fecbde3de2,Suraksha Pharmaceuticals Ltd,false
da58b40a-e7c7-4495-8bb9-b49a0d2c880b,faca85fd-0544-4e4b-bef3-b8fecbde3de2,suraksha pharmaceuticals ltd.,false
67c114f9-66f0-4d66-a47c-d4451095327b,faca85fd-0544-4e4b-bef3-b8fecbde3de2,Suraksha Pharmaceuticals Ltd.,true
0bdf988c-75c4-4c6f-931e-e5f8af214b3f,faca85fd-0544-4e4b-bef3-b8fecbde3de2,Suraksha Pharmaceuticals,false
e972eac9-2c8d-4834-b8f8-c23c47320dc2,faca85fd-0544-4e4b-bef3-b8fecbde3de2,M/s Suraksha Pharmaceuticals Ltd.,false
129c9410-94dc-4fc7-8673-056f5cca24a0,8d2afa27-b05e-443f-b9d6-683d2423b743,Vishwas Healthcare Pvt. Ltd.,true
bfe19bdf-ede1-4b0d-8489-8415406c67cd,8d2afa27-b05e-443f-b9d6-683d2423b743,Vishwas Healthcare Pvt Ltd,false
74cf9352-0700-4d12-9918-26efd1b98e02,8d2afa27-b05e-443f-b9d6-683d2423b743,vishwas healthcare pvt. ltd.,false
4db64724-42a1-42ff-9247-0aaaa857b86c,8d2afa27-b05e-443f-b9d6-683d2423b743,M/s Vishwas Healthcare Pvt. Ltd.,false
a7973f94-50a0-426d-a740-7cc21d0449e9,8d2afa27-b05e-443f-b9d6-683d2423b743,VISHWAS HEALTHCARE PVT LTD,false
2c553259-2b0c-4694-9216-599678f95844,8d2afa27-b05e-443f-b9d6-683d2423b743,Vishwas Healthcare,false
97e1520e-1295-4479-b290-4bd5013fad7b,8d2afa27-b05e-443f-b9d6-683d2423b743,Vishwas Healthcare Pvt. Limited,false
0fa12f5c-9eaa-44c4-8345-2b7af2e8f5f2,b526b601-e229-442b-815f-d239259218fc,Punarnava Life Sciences Ltd.,true
095758b1-6790-4f08-8e2c-39d27427ba7b,b526b601-e229-442b-815f-d239259218fc,M/s Punarnava Life Sciences Ltd.,false
90074007-c961-4228-a58b-6e7bf86652b2,b526b601-e229-442b-815f-d239259218fc,Punarnava Life Sciences Limited,false
51ebc0f8-1661-499d-bb6e-87f778901ddd,b526b601-e229-442b-815f-d239259218fc,Punarnava Life Sciences Ltd,false
8ad31a1a-15f9-470b-b3a0-17b80cb9c193,b526b601-e229-442b-815f-d239259218fc,PUNARNAVA LIFE SCIENCES LTD,false
67afaaf5-e595-4195-a0d6-497a88bc088d,b526b601-e229-442b-815f-d239259218fc,Punarnava Life Sciences,false
97fcf4c7-f9a0-4c3d-bd32-387b5380de2e,b526b601-e229-442b-815f-d239259218fc,punarnava life sciences ltd.,false
664c87c4-16c9-4b23-9692-8f6baebe5441,2732a0dc-3b58-4e75-ae06-4ebddc4479bc,Nirmala Biotech,false
05aa8026-4efc-4bae-ae81-420bd3e2b454,2732a0dc-3b58-4e75-ae06-4ebddc4479bc,Nirmala Biotech Pvt. Ltd.,true
0f421762-892e-418a-8110-dc0da946c625,2732a0dc-3b58-4e75-ae06-4ebddc4479bc,nirmala biotech pvt. ltd.,false
79aa8a4d-101c-46f1-ae91-8f513ff4237c,2732a0dc-3b58-4e75-ae06-4ebddc4479bc,NIRMALA BIOTECH PVT LTD,false
2ea2a8e2-5340-47df-8251-9f156487e6b2,2732a0dc-3b58-4e75-ae06-4ebddc4479bc,M/s Nirmala Biotech Pvt. Ltd.,false
b9e2d022-87c1-4226-90ce-18f048c12ae7,2732a0dc-3b58-4e75-ae06-4ebddc4479bc,Nirmala Biotech Pvt. Limited,false
27591e01-7e01-4953-8ef8-96fcc8d83aa0,2732a0dc-3b58-4e75-ae06-4ebddc4479bc,Nirmala Biotech Pvt Ltd,false
1c121064-d586-4b12-8a4a-8b3744a93da0,1356a3c0-2eac-476d-b839-b97e15f8799b,meridian formulations pvt. ltd.,false
521a7bb0-e08d-4335-8b05-fcb083021b17,1356a3c0-2eac-476d-b839-b97e15f8799b,Meridian Formulations Pvt. Ltd.,true
c7a6ed0c-d37d-4e5b-9df1-b039554e1b7c,1356a3c0-2eac-476d-b839-b97e15f8799b,Meridian Formulations Pvt. Limited,false
9d659592-1989-47ee-8684-bcf1dd3d2432,1356a3c0-2eac-476d-b839-b97e15f8799b,M/s Meridian Formulations Pvt. Ltd.,false
5db3c1dd-c1f7-44b0-84b7-fefcf9b611e2,1356a3c0-2eac-476d-b839-b97e15f8799b,Meridian Formulations Pvt Ltd,false
5101ae40-adf7-488a-8811-1e55871d74cb,1356a3c0-2eac-476d-b839-b97e15f8799b,MERIDIAN FORMULATIONS PVT LTD,false
292bb38a-10a9-486c-b721-c9131b202811,1356a3c0-2eac-476d-b839-b97e15f8799b,Meridian Formulations,false
92d9e921-beea-4ef8-9713-61fcc75f44d9,ff0f6ce7-f47b-4bde-994c-7f0d49ec455c,Kalash Biotech Ltd.,true
6f1c38a5-68ff-465c-9e43-f5c6d65d7734,ff0f6ce7-f47b-4bde-994c-7f0d49ec455c,Kalash Biotech Ltd,false
f822b6b1-f05b-4bfd-baf7-ec322a0ab17d,ff0f6ce7-f47b-4bde-994c-7f0d49ec455c,Kalash Biotech,false
3522f0c8-802c-4966-afa2-e6fe6dff7b93,ff0f6ce7-f47b-4bde-994c-7f0d49ec455c,M/s Kalash Biotech Ltd.,false
c2a914bc-c677-4c8c-8204-aa981a5c6cc5,ff0f6ce7-f47b-4bde-994c-7f0d49ec455c,KALASH BIOTECH LTD,false
60d13ed7-c79d-4ae5-8b31-0ef3c3015f03,ff0f6ce7-f47b-4bde-994c-7f0d49ec455c,kalash biotech ltd.,false
a3c2b7b8-b74b-47b0-ba1b-9d87591015c6,ff0f6ce7-f47b-4bde-994c-7f0d49ec455c,Kalash Biotech Limited,false
f35983f0-36eb-48ee-bd95-cfa2b32ef506,b0b44ddf-9cf9-42fe-8cad-d4d4007223f8,Girivan Pharmaceuticals,false
c5a71529-b373-4e6f-af6a-78f715e3ddf5,b0b44ddf-9cf9-42fe-8cad-d4d4007223f8,Girivan Pharmaceuticals Pvt Ltd,false
142f55f2-7352-4b45-9e14-eab10a3ef634,b0b44ddf-9cf9-42fe-8cad-d4d4007223f8,Girivan Pharmaceuticals Pvt. Limited,false
12e542d8-7db9-4444-8a48-dbdd3d4ecacc,b0b44ddf-9cf9-42fe-8cad-d4d4007223f8,GIRIVAN PHARMACEUTICALS PVT LTD,false
3fd34aea-9f26-498e-828d-881ad0849464,b0b44ddf-9cf9-42fe-8cad-d4d4007223f8,M/s Girivan Pharmaceuticals Pvt. Ltd.,false
31a8ca1c-981a-4824-a8d7-5ee84134c12f,b0b44ddf-9cf9-42fe-8cad-d4d4007223f8,girivan pharmaceuticals pvt. ltd.,false
88dd0e7c-9690-4d02-8580-739302c7854f,b0b44ddf-9cf9-42fe-8cad-d4d4007223f8,Girivan Pharmaceuticals Pvt. Ltd.,true
dbf18b1e-d6dd-4ff0-af07-b6e158daea92,21ceaecd-f3cc-457a-ac70-3a3056745570,BHOOMI REMEDIES PVT LTD,false
b5af0f59-0358-4b0e-adff-a1fc63fb28ff,21ceaecd-f3cc-457a-ac70-3a3056745570,bhoomi remedies pvt. ltd.,false
8587c822-78ef-4b3a-bf8e-993e94b85ff3,21ceaecd-f3cc-457a-ac70-3a3056745570,Bhoomi Remedies Pvt. Limited,false
17bb5bbe-7868-457d-9988-83a56733e227,21ceaecd-f3cc-457a-ac70-3a3056745570,Bhoomi Remedies Pvt. Ltd.,true
64bdd4f1-3d22-4aef-b7be-2892992cae0d,21ceaecd-f3cc-457a-ac70-3a3056745570,Bhoomi Remedies,false
33bec0ab-e072-4b3d-9505-d4feddb664a0,21ceaecd-f3cc-457a-ac70-3a3056745570,Bhoomi Remedies Pvt Ltd,false
011bb79b-ac73-4f5b-ba69-a5446b6bc1ce,21ceaecd-f3cc-457a-ac70-3a3056745570,M/s Bhoomi Remedies Pvt. Ltd.,false
69efd714-08f3-483e-b3b2-59326456d5f9,1fc3ea12-8219-431d-9f8b-10a1ee229de2,M/s Amrutha Drugs Ltd.,false
d50204e9-25ba-4f0a-a562-e772d24d66bd,1fc3ea12-8219-431d-9f8b-10a1ee229de2,AMRUTHA DRUGS LTD,false
877f6d42-1809-49d5-9956-2b8484073990,1fc3ea12-8219-431d-9f8b-10a1ee229de2,Amrutha Drugs Ltd,false
d9ceb651-d421-4a7c-bdaf-492a0d4be6a7,1fc3ea12-8219-431d-9f8b-10a1ee229de2,Amrutha Drugs,false
1c602008-f515-43e3-af44-aa8dc69846a7,1fc3ea12-8219-431d-9f8b-10a1ee229de2,Amrutha Drugs Limited,false
2ee2fb9b-22fb-4a10-a1b4-863906f64274,1fc3ea12-8219-431d-9f8b-10a1ee229de2,Amrutha Drugs Ltd.,true
afc54779-ab1a-4016-92bb-b04c8961fc48,1fc3ea12-8219-431d-9f8b-10a1ee229de2,amrutha drugs ltd.,false
12a43074-e566-49ec-852a-6e0cab89e211,ee049bf8-2bf7-41d4-ac33-9e0d0998a075,M/s Sanjeevani Formulations Pvt. Ltd.,false
f5f56f90-6e16-40b4-bc98-cf1586e98373,ee049bf8-2bf7-41d4-ac33-9e0d0998a075,SANJEEVANI FORMULATIONS PVT LTD,false
abdd6492-4280-4d48-ae04-a933c17e45da,ee049bf8-2bf7-41d4-ac33-9e0d0998a075,Sanjeevani Formulations Pvt. Ltd.,true
911011d1-6d2a-4745-a3f0-a174c6e68f1c,ee049bf8-2bf7-41d4-ac33-9e0d0998a075,Sanjeevani Formulations Pvt. Limited,false
e043f12b-ba35-4c2f-bb24-60a3e1815b39,ee049bf8-2bf7-41d4-ac33-9e0d0998a075,sanjeevani formulations pvt. ltd.,false
2ff26584-2c7e-4245-b26a-0cf141d1f681,ee049bf8-2bf7-41d4-ac33-9e0d0998a075,Sanjeevani Formulations Pvt Ltd,false
4fc7e61a-ddcb-472b-b4ca-87992b634f6d,ee049bf8-2bf7-41d4-ac33-9e0d0998a075,Sanjeevani Formulations,false
962902ad-9ab8-47d1-a049-1efbcdec45fc,2e3fed6d-7e4b-4e6d-b1b3-dc2e9154ce69,Northstar Remedies Ltd,false
f5dc684b-17bc-46dc-b972-0f6fc51b0f9e,2e3fed6d-7e4b-4e6d-b1b3-dc2e9154ce69,M/s Northstar Remedies Ltd.,false
ca202e80-848b-4558-9478-b504b2afdd83,2e3fed6d-7e4b-4e6d-b1b3-dc2e9154ce69,Northstar Remedies,false
80b0ef26-dba3-4b3e-a635-7d9898e93796,2e3fed6d-7e4b-4e6d-b1b3-dc2e9154ce69,northstar remedies ltd.,false
176301ac-0e4f-4ee8-b16c-0fa8935fc4d9,2e3fed6d-7e4b-4e6d-b1b3-dc2e9154ce69,Northstar Remedies Ltd.,true
3f91ffed-32fd-4c3f-be49-04c602872887,2e3fed6d-7e4b-4e6d-b1b3-dc2e9154ce69,NORTHSTAR REMEDIES LTD,false
bed16e65-fec3-4f75-81f4-89bbb4d8a624,2e3fed6d-7e4b-4e6d-b1b3-dc2e9154ce69,Northstar Remedies Limited,false
fd0a2801-0b54-4ec0-b14e-e6c33dbc90d2,647db56c-25fe-44d8-ae0f-169e0a455448,Silverline Drugs Pvt Ltd,false
649ce0c3-ca3f-47b0-92f7-746dfe049e59,647db56c-25fe-44d8-ae0f-169e0a455448,Silverline Drugs Pvt. Ltd.,true
960e121c-57b5-4e7f-ae56-c8c6b67e7b46,647db56c-25fe-44d8-ae0f-169e0a455448,Silverline Drugs,false
874e4976-c6ea-4985-a556-a13a100966d4,647db56c-25fe-44d8-ae0f-169e0a455448,SILVERLINE DRUGS PVT LTD,false
12192bbd-32b4-4cb3-9ef2-111c8ccb3243,647db56c-25fe-44d8-ae0f-169e0a455448,Silverline Drugs Pvt. Limited,false
f63c0b19-d249-4ddb-930c-e356433d008e,647db56c-25fe-44d8-ae0f-169e0a455448,M/s Silverline Drugs Pvt. Ltd.,false
7cf95226-6466-4634-a31b-bbb40d581d7c,647db56c-25fe-44d8-ae0f-169e0a455448,silverline drugs pvt. ltd.,false
bdfab50f-a34a-4c9e-ac1b-ad67447a7bf2,564735fd-15e2-4ab1-8b03-5a862022eff2,Trishakti Healthcare,false
69476bec-a280-4b76-978e-d5f51ff1e1a3,564735fd-15e2-4ab1-8b03-5a862022eff2,TRISHAKTI HEALTHCARE LTD,false
cfa20770-e2bd-455d-b324-fa3d44b43969,564735fd-15e2-4ab1-8b03-5a862022eff2,Trishakti Healthcare Limited,false
59870a00-1dc4-4e19-9a99-4a4ffb96d973,564735fd-15e2-4ab1-8b03-5a862022eff2,Trishakti Healthcare Ltd,false
97399b58-077d-4778-be83-31431925e307,564735fd-15e2-4ab1-8b03-5a862022eff2,trishakti healthcare ltd.,false
16bffd3e-fa84-4d95-83a4-e44bcf953f72,564735fd-15e2-4ab1-8b03-5a862022eff2,Trishakti Healthcare Ltd.,true
8f59cfbd-ade0-4477-acaa-76653097662c,564735fd-15e2-4ab1-8b03-5a862022eff2,M/s Trishakti Healthcare Ltd.,false
