id,product_name,batch_number,manufacturer,alert_date,reason,source_document,extraction_confidence,lab_type,status
ca404339-7f2a-49ee-b522-ece6d155fb4c,RabepHeal 20,AX2291,Amrutha Drugs Ltd.,2026-03-01,Dissolution test failure,CDSCO_NSQ_Alert_March_2026_CentralLabs.pdf,high,central,active
1a6eddab-c301-4adc-a109-b9c4653edc42,RabepHeal 20,FM9184,Amrutha Drugs Ltd.,2026-01-12,Assay (content of active ingredient) out of specified limits,CDSCO_NSQ_Alert_Jan_2026_Maharashtra_StateLabs.pdf,high,state,active
16549bfb-d22b-4e44-890b-b1469795cc62,CiproCure 500,RV5567,Bhoomi Remedies Pvt. Ltd.,2025-11-04,Content uniformity test failure,CDSCO_NSQ_Alert_Nov_2025_Gujarat_StateLabs.pdf,medium,state,superseded
04daa5ce-e4bd-41f3-828b-7b8f41fb9b59,CiproCure 500,RV5567,Bhoomi Remedies Pvt. Ltd.,2025-12-18,Content uniformity test failure -- corrected: batch number transcription error,CDSCO_NSQ_Correction_Notice_Dec_2025.pdf,high,state,corrected
66e9ca44-2934-464b-a45d-eb6ee17237a8,AmoxiVita 625,SW1123,Sanjeevani Formulations Pvt. Ltd.,2026-02-09,Weight variation test failure,CDSCO_NSQ_Alert_Feb_2026_TamilNadu_StateLabs.pdf,high,state,corrected
1f0551da-1320-4c0d-87fe-e534da1695b8,TelmiZen 40,TX6690,Meridian Formulations Pvt. Ltd.,2026-04-21,Disintegration test failure,CDSCO_NSQ_Alert_April_2026_CentralLabs.pdf,high,central,active
c687b088-2d34-478a-a3c2-757f0952dc17,MetopKind 25,PT8813,Nirmala Biotech Pvt. Ltd.,2026-05-15,pH value out of specified range,CDSCO_NSQ_Alert_May_2026_Karnataka_StateLabs.pdf,medium,state,active
c84db807-baa4-44c5-adc2-8813ba13a69a,CholeCip 600,LOT25A315,Girivan Pharmaceuticals Pvt. Ltd.,2026-07-21,Description does not match approved specification (visual defect),CDSCO_NSQ_Alert_Jul_2026_Gujarat_StateLabs.pdf,high,state,active
fd1467d9-1312-4704-8db1-e71fd1fdff5e,MetopKind 25,AR2414,Nirmala Biotech Pvt. Ltd.,2025-07-03,Uniformity of dosage units failure,CDSCO_NSQ_Alert_Jul_2025__CentralLabs.pdf,high,central,active
1e9752dc-2318-40b6-9855-30b3ada1b197,AceclTas 100,LOT26H952,Bhoomi Remedies Pvt. Ltd.,2025-03-26,Loss on drying test failure,CDSCO_NSQ_Alert_Mar_2025_Gujarat_StateLabs.pdf,medium,state,active
cb463658-c274-406a-9bc4-a27d4bc2d323,AmoxiVita 625,25101642,Sanjeevani Formulations Pvt. Ltd.,2025-06-08,Description does not match approved specification (visual defect),CDSCO_NSQ_Alert_Jun_2025_Telangana_StateLabs.pdf,high,state,active
0a6f5c6d-80de-47a4-ac4e-e8157d19ab62,LosarPro 50,LOT24H440,Northstar Remedies Ltd.,2025-05-25,Friability test failure,CDSCO_NSQ_Alert_May_2025__CentralLabs.pdf,high,central,active
d67af196-37b5-4470-9c07-ecd4e1bf33c6,CetirHeal 10,AR8412,Northstar Remedies Ltd.,2024-04-20,Friability test failure,CDSCO_NSQ_Alert_Apr_2024_Maharashtra_StateLabs.pdf,high,state,active
85f5985d-544c-46d3-aafd-2999c8779eb6,CiproCure 500,FY6679,Bhoomi Remedies Pvt. Ltd.,2025-01-20,Friability test failure,CDSCO_NSQ_Alert_Jan_2025_Karnataka_StateLabs.pdf,high,state,active
9e1355dd-05dc-41a9-93dc-e7e0a8d702a0,IbuprPlus 400,DW0138,Kalash Biotech Ltd.,2025-06-27,Content uniformity test failure,CDSCO_NSQ_Alert_Jun_2025_Karnataka_StateLabs.pdf,high,state,active
c5cb068f-dcf3-48b9-9272-4734d714277d,AzithMax 500,25015384,Kalash Biotech Ltd.,2025-06-16,Water content (Karl Fischer) test failure,CDSCO_NSQ_Alert_Jun_2025_Maharashtra_StateLabs.pdf,high,state,active
117e2ead-1d2e-46c9-a8f5-3f1047b6ebda,ParacKind 500,24019419,Silverline Drugs Pvt. Ltd.,2024-08-28,Label claim mismatch with declared composition,CDSCO_NSQ_Alert_Aug_2024__CentralLabs.pdf,high,central,active
aeb5f18e-47bd-4191-a480-1473466a6353,CiproCure 500,YQ5021,Bhoomi Remedies Pvt. Ltd.,2025-06-02,Dissolution test failure,CDSCO_NSQ_Alert_Jun_2025__CentralLabs.pdf,high,central,active
1c0ae93d-3b85-4235-9c45-0bc9f6d81936,DoxycCare 100,FS1967,Punarnava Life Sciences Ltd.,2026-08-18,Assay (content of active ingredient) out of specified limits,CDSCO_NSQ_Alert_Aug_2026__CentralLabs.pdf,high,central,active
4085ba30-6dfc-4ecc-ae1f-fa0f150e9894,MetfoGen 500,LOT26H957,Suraksha Pharmaceuticals Ltd.,2024-01-01,Weight variation test failure,CDSCO_NSQ_Alert_Jan_2024_WestBengal_StateLabs.pdf,high,state,active
bf790cc4-5a44-463f-a1a7-97dab20fcd1e,CholeZen 600,24041775,Suraksha Pharmaceuticals Ltd.,2025-09-10,Related substances / degradation impurities beyond specified limit,CDSCO_NSQ_Alert_Sep_2025_TamilNadu_StateLabs.pdf,medium,state,active
d0253e0e-cc7d-4705-8557-b4ddfe8f0e01,MetfoGen 500,25018104,Suraksha Pharmaceuticals Ltd.,2026-01-02,Content uniformity test failure,CDSCO_NSQ_Alert_Jan_2026_Gujarat_StateLabs.pdf,high,state,active
8bdc7378-86e9-4858-9c2c-369c7efcfdd0,CetirHeal 10,PY9868,Northstar Remedies Ltd.,2025-06-26,Weight variation test failure,CDSCO_NSQ_Alert_Jun_2025__CentralLabs.pdf,medium,central,active
7b73beb0-a814-417f-a71a-ea59fce270f6,ParacKind 500,BP3439,Silverline Drugs Pvt. Ltd.,2026-05-22,pH value out of specified range,CDSCO_NSQ_Alert_May_2026__CentralLabs.pdf,medium,central,active
1f7f0017-e1f5-4eba-8322-8014ad5d7276,ParacKind 500,25017959,Silverline Drugs Pvt. Ltd.,2025-06-13,Label claim mismatch with declared composition,CDSCO_NSQ_Alert_Jun_2025_Karnataka_StateLabs.pdf,medium,state,active
6b2de3f9-7f52-47ea-ae61-2305dc898b35,CholeCip 600,25092748,Girivan Pharmaceuticals Pvt. Ltd.,2025-12-05,Assay (content of active ingredient) out of specified limits,CDSCO_NSQ_Alert_Dec_2025_Maharashtra_StateLabs.pdf,high,state,active
0c5b7258-fb19-48f9-a7fe-410805233510,AtorvHeal 10,LOT26G147,Vishwas Healthcare Pvt. Ltd.,2026-01-29,Uniformity of dosage units failure,CDSCO_NSQ_Alert_Jan_2026__CentralLabs.pdf,high,central,active
61077114-646a-4413-9bce-0a19dd0ca0b8,AtorvPlus 10,25082169,Kalash Biotech Ltd.,2024-12-27,Water content (Karl Fischer) test failure,CDSCO_NSQ_Alert_Dec_2024_WestBengal_StateLabs.pdf,high,state,active
85a851d9-901d-4da9-9050-95354f7c40c0,TelmiZen 40,GL4048,Meridian Formulations Pvt. Ltd.,2025-06-20,Description does not match approved specification (visual defect),CDSCO_NSQ_Alert_Jun_2025_Kerala_StateLabs.pdf,high,state,active
62076afd-147c-4b15-a809-e68de43851a6,OmeprHeal 20,26017153,Girivan Pharmaceuticals Pvt. Ltd.,2026-01-31,Disintegration test failure,CDSCO_NSQ_Alert_Jan_2026_Telangana_StateLabs.pdf,high,state,active
34e1000a-dfa0-4ae2-a15a-62ba8587d30d,AmbroPro 60,ZN4436,Northstar Remedies Ltd.,2025-09-07,Water content (Karl Fischer) test failure,CDSCO_NSQ_Alert_Sep_2025_Gujarat_StateLabs.pdf,high,state,active
9db7a83d-a6c6-4b80-bfc2-b52c0eb77e6e,LosarRx 50,XW8813,Meridian Formulations Pvt. Ltd.,2025-06-11,Label claim mismatch with declared composition,CDSCO_NSQ_Alert_Jun_2025__CentralLabs.pdf,high,central,active
4eca0288-621f-4592-9c38-0333ab5d0e02,ParacTas 650,LOT24A475,Suraksha Pharmaceuticals Ltd.,2026-06-23,Label claim mismatch with declared composition,CDSCO_NSQ_Alert_Jun_2026_WestBengal_StateLabs.pdf,high,state,active
6a447dbe-956b-4352-ba56-24e2515a2e45,TelmiGen 40,JM0508,Vishwas Healthcare Pvt. Ltd.,2026-03-23,Uniformity of dosage units failure,CDSCO_NSQ_Alert_Mar_2026_TamilNadu_StateLabs.pdf,high,state,active
d26c158d-7855-409c-9294-6ea310434b50,MetfoGen 500,25106969,Suraksha Pharmaceuticals Ltd.,2025-11-18,Microbial contamination / sterility test failure,CDSCO_NSQ_Alert_Nov_2025_Karnataka_StateLabs.pdf,high,state,active
ec7945d0-cc88-476e-84d6-c0af8262f808,CiproCure 500,25068088,Bhoomi Remedies Pvt. Ltd.,2025-03-17,Content uniformity test failure,CDSCO_NSQ_Alert_Mar_2025_MadhyaPradesh_StateLabs.pdf,high,state,active
c8b817ea-d740-4df9-b49a-ea326aa46243,IbuprPlus 400,LOT25E194,Kalash Biotech Ltd.,2025-06-22,Loss on drying test failure,CDSCO_NSQ_Alert_Jun_2025__CentralLabs.pdf,low,central,active
ba3ad820-0441-48a7-bb99-cbf20242916b,OmeprHeal 20,DK5108,Girivan Pharmaceuticals Pvt. Ltd.,2025-11-21,Description does not match approved specification (visual defect),CDSCO_NSQ_Alert_Nov_2025__CentralLabs.pdf,medium,central,active
9dcb005e-67f8-4fdd-9cfa-cf20d50c0e94,CholeCip 600,25122088,Girivan Pharmaceuticals Pvt. Ltd.,2025-02-23,pH value out of specified range,CDSCO_NSQ_Alert_Feb_2025_Gujarat_StateLabs.pdf,high,state,active
b245541b-7ac0-43e0-bf8d-fe0c47aa5e6a,MetopGen 25,LOT26G994,Meridian Formulations Pvt. Ltd.,2024-09-28,Friability test failure,CDSCO_NSQ_Alert_Sep_2024_TamilNadu_StateLabs.pdf,medium,state,active
1e0a45c5-587c-4136-a10d-ead13a22e520,OmeprHeal 20,LOT26D648,Girivan Pharmaceuticals Pvt. Ltd.,2024-05-06,Description does not match approved specification (visual defect),CDSCO_NSQ_Alert_May_2024_Rajasthan_StateLabs.pdf,low,state,active
733d61f2-b3a0-4482-aa11-8f77a7f66378,MetfoGen 500,KD4252,Suraksha Pharmaceuticals Ltd.,2024-07-02,Label claim mismatch with declared composition,CDSCO_NSQ_Alert_Jul_2024__CentralLabs.pdf,high,central,active
26218bec-2efe-4c82-a23f-7bab5cc68665,ParacKind 500,LOT25B555,Silverline Drugs Pvt. Ltd.,2025-06-08,pH value out of specified range,CDSCO_NSQ_Alert_Jun_2025_Karnataka_StateLabs.pdf,high,state,active
7c5753ad-3d72-4166-bb25-ed1375bb25cc,CiproCure 500,LOT26D194,Bhoomi Remedies Pvt. Ltd.,2025-06-06,Friability test failure,CDSCO_NSQ_Alert_Jun_2025__CentralLabs.pdf,high,central,active
b91674d3-3442-4dbe-a7ba-823cc672846a,OmeprHeal 20,LOT26F807,Girivan Pharmaceuticals Pvt. Ltd.,2026-07-26,Related substances / degradation impurities beyond specified limit,CDSCO_NSQ_Alert_Jul_2026__CentralLabs.pdf,high,central,active
f508fcc2-0d63-422e-aabd-6c59546798a1,AmoxiVita 625,HW4868,Sanjeevani Formulations Pvt. Ltd.,2026-05-10,Microbial contamination / sterility test failure,CDSCO_NSQ_Alert_May_2026_Gujarat_StateLabs.pdf,medium,state,active
830ac749-98d7-4189-a4a9-1b0eebcc7082,AmbroPro 60,LOT24G104,Northstar Remedies Ltd.,2025-06-11,Content uniformity test failure,CDSCO_NSQ_Alert_Jun_2025_AndhraPradesh_StateLabs.pdf,high,state,active
a73013f1-77b3-4b87-a800-8630f034e70c,ParacTas 650,DN6000,Suraksha Pharmaceuticals Ltd.,2025-06-23,Assay (content of active ingredient) out of specified limits,CDSCO_NSQ_Alert_Jun_2025_Karnataka_StateLabs.pdf,medium,state,active
70a0136b-2c82-4bd5-ab79-397d6fcf3947,RabepWell 20,CB2775,Sanjeevani Formulations Pvt. Ltd.,2025-02-20,Dissolution test failure,CDSCO_NSQ_Alert_Feb_2025_Karnataka_StateLabs.pdf,high,state,active
12776620-7e4b-4d40-a9dd-42cdb81762c2,RabepSafe 20,24079813,Trishakti Healthcare Ltd.,2025-06-01,Related substances / degradation impurities beyond specified limit,CDSCO_NSQ_Alert_Jun_2025_Gujarat_StateLabs.pdf,medium,state,active
4157a194-585b-4c5e-abca-f3c6737fc916,RabepHeal 20,LOT26H731,Amrutha Drugs Ltd.,2025-06-17,Description does not match approved specification (visual defect),CDSCO_NSQ_Alert_Jun_2025_Punjab_StateLabs.pdf,medium,state,active
a36f3a69-c0e0-4d7b-862e-f8259cbc3870,RabepWell 20,25029358,Sanjeevani Formulations Pvt. Ltd.,2025-06-15,Label claim mismatch with declared composition,CDSCO_NSQ_Alert_Jun_2025_Maharashtra_StateLabs.pdf,medium,state,active
e3caf6f1-f22b-4f6d-9bb3-b87ff4355877,MetopSafe 25,TM1006,Punarnava Life Sciences Ltd.,2024-10-27,Dissolution test failure,CDSCO_NSQ_Alert_Oct_2024_Haryana_StateLabs.pdf,high,state,active
66c72004-eedb-4181-a117-2fba0380aaea,MetopKind 25,25021440,Nirmala Biotech Pvt. Ltd.,2025-06-29,Assay (content of active ingredient) out of specified limits,CDSCO_NSQ_Alert_Jun_2025_TamilNadu_StateLabs.pdf,high,state,active
d0b28108-8197-453c-a344-b961e4f791e2,ParacKind 500,VT5503,Silverline Drugs Pvt. Ltd.,2025-06-16,Weight variation test failure,CDSCO_NSQ_Alert_Jun_2025_Delhi_StateLabs.pdf,high,state,active
c660604b-d2c8-41e1-b471-eb04b9044b62,CholeCip 600,LOT24D758,Girivan Pharmaceuticals Pvt. Ltd.,2025-07-10,Description does not match approved specification (visual defect),CDSCO_NSQ_Alert_Jul_2025_Haryana_StateLabs.pdf,high,state,active
f2f4f807-ea89-4c31-956d-79c74375b3de,ParacTas 650,LOT25F116,Suraksha Pharmaceuticals Ltd.,2026-07-22,Label claim mismatch with declared composition,CDSCO_NSQ_Alert_Jul_2026__CentralLabs.pdf,medium,central,active
7653ed90-af75-45e8-8c8b-af5f33b4d638,LosarRx 50,LOT26C443,Meridian Formulations Pvt. Ltd.,2026-03-28,Dissolution test failure,CDSCO_NSQ_Alert_Mar_2026_UttarPradesh_StateLabs.pdf,high,state,active
438e0de1-0bae-4588-9473-243446a63102,IbuprPlus 400,VH9371,Kalash Biotech Ltd.,2026-03-03,Assay (content of active ingredient) out of specified limits,CDSCO_NSQ_Alert_Mar_2026__CentralLabs.pdf,high,central,active
1136f0b4-eb87-42b7-946f-4d7c77ff6cbb,MetfoGen 500,LOT24D875,Suraksha Pharmaceuticals Ltd.,2025-06-10,Disintegration test failure,CDSCO_NSQ_Alert_Jun_2025_Telangana_StateLabs.pdf,medium,state,active
b8dfcf7c-1c8b-4e66-8954-51eed4b611c1,TelmiZen 40,24088300,Meridian Formulations Pvt. Ltd.,2025-06-03,Disintegration test failure,CDSCO_NSQ_Alert_Jun_2025_Karnataka_StateLabs.pdf,medium,state,active
23f5f28f-735b-433c-be19-e68b449a6f12,DoxycCare 100,LOT25H832,Punarnava Life Sciences Ltd.,2025-06-29,Description does not match approved specification (visual defect),CDSCO_NSQ_Alert_Jun_2025_Karnataka_StateLabs.pdf,medium,state,active
e7354e59-cf6f-450f-b07e-1b7aa6c2ccf8,MetfoGen 500,HC9324,Suraksha Pharmaceuticals Ltd.,2024-08-22,Label claim mismatch with declared composition,CDSCO_NSQ_Alert_Aug_2024_TamilNadu_StateLabs.pdf,medium,state,active
b69bdb06-d42e-416d-a8f9-f1a9ccac4aa5,DoxycCare 100,24082290,Punarnava Life Sciences Ltd.,2024-04-10,Assay (content of active ingredient) out of specified limits,CDSCO_NSQ_Alert_Apr_2024__CentralLabs.pdf,medium,central,active
95ae9850-bb5a-4679-b3f9-f93379b5966c,OmeprHeal 20,AG4771,Girivan Pharmaceuticals Pvt. Ltd.,2025-06-04,Friability test failure,CDSCO_NSQ_Alert_Jun_2025_Maharashtra_StateLabs.pdf,low,state,active
06337205-5afe-49b5-9a17-ce338332d5e6,CiproCure 500,LOT25C480,Bhoomi Remedies Pvt. Ltd.,2024-04-02,Weight variation test failure,CDSCO_NSQ_Alert_Apr_2024_Bihar_StateLabs.pdf,high,state,active
da1a948e-6057-4762-86ca-d778a8d72fcb,Amoxicillin + Clavulanic Acid Tablet,LOT24D688,Greenfield Pharma Industries,2024-11-25,Sample declared spurious -- no record of batch at the named manufacturing site,CDSCO_NSQ_Alert_Nov_2024_AndhraPradesh_StateLabs.pdf,high,state,active
6068696a-3594-4d19-aba4-05d2d17acba9,Ofloxacin Tablet,25048830,Suraksha Pharmaceuticals Ltd.,2025-06-25,Sample declared spurious -- fictitious manufacturing licence number,CDSCO_NSQ_Alert_Jun_2025_Rajasthan_StateLabs.pdf,high,state,active
750f50a4-78aa-40d5-9eca-00326c477a86,Paracetamol Tablet,LOT25F773,Suraksha Pharmaceuticals Ltd.,2026-01-22,Sample declared spurious -- no record of batch at the named manufacturing site,CDSCO_NSQ_Alert_Jan_2026_Maharashtra_StateLabs.pdf,low,state,active
5f98c311-fd1e-4ac0-89fe-f9eca9c427fa,Ofloxacin Tablet,LOT24E773,Aadhya Pharma Industries,2026-05-15,Sample declared spurious -- fictitious manufacturing licence number,CDSCO_NSQ_Alert_May_2026_Karnataka_StateLabs.pdf,high,state,active
b3c66ced-e63e-4a5b-a31b-a6bd7845955b,Metformin Hydrochloride Tablet,LOT26G793,Vaidya Labs Pvt. Ltd.,2024-09-05,Label claim mismatch with declared composition,CDSCO_NSQ_Alert_Sep_2024__CentralLabs.pdf,high,central,active
6f9c6016-3f20-498b-b9f8-35c4911a887a,Amoxicillin + Clavulanic Acid Tablet,25076912,Bhoomi Remedies Pvt. Ltd.,2024-10-08,Related substances / degradation impurities beyond specified limit,CDSCO_NSQ_Alert_Oct_2024__CentralLabs.pdf,high,central,active
b4db3b36-fd39-49a7-9333-cde7cae7767b,Diclofenac Sodium Tablet,26129040,Everwell Pharmaceuticals Pvt. Ltd.,2026-05-10,Microbial contamination / sterility test failure,CDSCO_NSQ_Alert_May_2026_Telangana_StateLabs.pdf,high,state,active
a80b82f2-e1b8-4782-9de0-21609d613d36,Amoxicillin + Clavulanic Acid Tablet,25113222,Greenfield Pharma Industries,2025-06-15,Related substances / degradation impurities beyond specified limit,CDSCO_NSQ_Alert_Jun_2025_Gujarat_StateLabs.pdf,medium,state,active
cb3bc283-54da-4a1f-a34b-f1c2ca45bbb5,Amoxicillin + Clavulanic Acid Tablet,24024071,Bhoomi Remedies Pvt. Ltd.,2025-03-19,Assay (content of active ingredient) out of specified limits,CDSCO_NSQ_Alert_Mar_2025_Kerala_StateLabs.pdf,high,state,active
fdfe3da2-013b-43da-b78b-3f72a8fde8a7,Ciprofloxacin Hydrochloride Tablet,SW3065,Bhoomi Remedies Pvt. Ltd.,2024-07-09,Description does not match approved specification (visual defect),CDSCO_NSQ_Alert_Jul_2024__CentralLabs.pdf,high,central,active
8717a620-dc55-44c8-852a-ac91893a4423,Cetirizine Hydrochloride Tablet,SV7160,Punarnava Life Sciences Ltd.,2025-07-23,Disintegration test failure,CDSCO_NSQ_Alert_Jul_2025_Maharashtra_StateLabs.pdf,medium,state,active
d4f9a2d9-c1be-44b5-b370-f43b73c1d9d0,Cefixime Tablet,LOT26B879,Meridian Formulations Pvt. Ltd.,2025-11-04,Microbial contamination / sterility test failure,CDSCO_NSQ_Alert_Nov_2025_WestBengal_StateLabs.pdf,high,state,active
d81104c7-7d1d-42b7-b61d-b625d9688e3f,Cefixime Tablet,RF3063,Suraksha Pharmaceuticals Ltd.,2024-08-12,Assay (content of active ingredient) out of specified limits,CDSCO_NSQ_Alert_Aug_2024__CentralLabs.pdf,medium,central,active
6a8f1d42-b577-4e93-9ba8-b70cf2be4275,Amoxicillin + Clavulanic Acid Tablet,FA2170,Amrutha Drugs Ltd.,2025-06-13,Friability test failure,CDSCO_NSQ_Alert_Jun_2025__CentralLabs.pdf,high,central,active
224ef936-aab9-461d-b9eb-fb322bdde12b,Atorvastatin Calcium Tablet,24033753,Meridian Formulations Pvt. Ltd.,2025-06-17,Microbial contamination / sterility test failure,CDSCO_NSQ_Alert_Jun_2025_Maharashtra_StateLabs.pdf,high,state,active
32ed65e1-1eb6-4e97-a142-db21c96571d8,Amlodipine Besylate Tablet,LOT25D784,Aadhya Pharma Industries,2024-02-17,Assay (content of active ingredient) out of specified limits,CDSCO_NSQ_Alert_Feb_2024_Maharashtra_StateLabs.pdf,high,state,active
db7835ef-f67f-4f38-bb15-66cf848f8a84,Amoxicillin + Clavulanic Acid Tablet,LOT24D149,Kavach Pharma Industries,2025-09-14,Friability test failure,CDSCO_NSQ_Alert_Sep_2025_TamilNadu_StateLabs.pdf,medium,state,active
0624494f-0487-486b-a91c-94a9cb7fa55d,Ciprofloxacin Hydrochloride Tablet,LOT25C237,Vishwas Healthcare Pvt. Ltd.,2024-05-18,pH value out of specified range,CDSCO_NSQ_Alert_May_2024_Maharashtra_StateLabs.pdf,high,state,active
da91a504-a0f4-46c1-91cd-14c941db4107,Cefixime Tablet,26128355,Girivan Pharmaceuticals Pvt. Ltd.,2024-11-14,Assay (content of active ingredient) out of specified limits,CDSCO_NSQ_Alert_Nov_2024_MadhyaPradesh_StateLabs.pdf,high,state,active
db743784-eb55-4128-bc64-7e19a4cc8c24,Paracetamol Tablet,24124933,Nirmala Biotech Pvt. Ltd.,2024-01-24,Loss on drying test failure,CDSCO_NSQ_Alert_Jan_2024_Karnataka_StateLabs.pdf,high,state,active
ea5479b2-da38-458f-9434-6bb420ef0102,Atorvastatin Calcium Tablet,LOT24C247,Kalash Biotech Ltd.,2026-05-27,Dissolution test failure,CDSCO_NSQ_Alert_May_2026__CentralLabs.pdf,medium,central,active
369be62d-86dd-45d7-ae62-766ff7569bb8,Diclofenac Sodium Tablet,LOT24D776,Vaidya Labs Pvt. Ltd.,2025-04-16,Weight variation test failure,CDSCO_NSQ_Alert_Apr_2025_Maharashtra_StateLabs.pdf,medium,state,active
9e382521-5c0e-414e-9f36-076c5c5a71ab,Atorvastatin Calcium Tablet,LOT24H190,Greenfield Pharma Industries,2025-06-21,Label claim mismatch with declared composition,CDSCO_NSQ_Alert_Jun_2025_Maharashtra_StateLabs.pdf,high,state,active
cb9a7c64-c116-41f8-b3ac-b43c3c5ed327,Azithromycin Tablet,RD1657,Kavach Pharma Industries,2024-01-15,Uniformity of dosage units failure,CDSCO_NSQ_Alert_Jan_2024__CentralLabs.pdf,high,central,active
45aef1a0-297f-41d1-9259-4ce51cf70296,Cetirizine Hydrochloride Tablet,24032876,Aadhya Pharma Industries,2024-08-04,Disintegration test failure,CDSCO_NSQ_Alert_Aug_2024_Karnataka_StateLabs.pdf,high,state,active
d8ac2712-a502-4b30-967f-fae0b4409a12,Cetirizine Hydrochloride Tablet,LOT26H244,Sanjeevani Formulations Pvt. Ltd.,2026-01-03,Loss on drying test failure,CDSCO_NSQ_Alert_Jan_2026_Karnataka_StateLabs.pdf,high,state,active
e54ac6d0-5bdb-4df2-ba49-17b731c85beb,Amlodipine Besylate Tablet,24099809,Bhoomi Remedies Pvt. Ltd.,2024-06-21,Dissolution test failure,CDSCO_NSQ_Alert_Jun_2024_Bihar_StateLabs.pdf,high,state,active
28c28d50-9f3a-4b5a-8e25-d2cab91b3ab8,Metformin Hydrochloride Tablet,LOT26H745,Punarnava Life Sciences Ltd.,2025-11-02,Assay (content of active ingredient) out of specified limits,CDSCO_NSQ_Alert_Nov_2025__CentralLabs.pdf,high,central,active
a113ad3f-1369-443c-95f7-877d94595622,Pantoprazole Tablet,LOT26E483,Vaidya Labs Pvt. Ltd.,2025-06-05,Disintegration test failure,CDSCO_NSQ_Alert_Jun_2025_Karnataka_StateLabs.pdf,high,state,active
6c8e281a-bf02-4564-8bd5-4791439a68ac,Cetirizine Hydrochloride Tablet,26054051,Punarnava Life Sciences Ltd.,2025-03-10,Disintegration test failure,CDSCO_NSQ_Alert_Mar_2025_Rajasthan_StateLabs.pdf,medium,state,active
70efa5ce-8f03-45a2-a3c0-61a86832fd83,Ofloxacin Tablet,26092576,Northstar Remedies Ltd.,2025-06-24,Dissolution test failure,CDSCO_NSQ_Alert_Jun_2025_Karnataka_StateLabs.pdf,high,state,active
1c85ac05-fccf-488b-8f57-d78dd20bf069,Cetirizine Hydrochloride Tablet,LOT26E197,Girivan Pharmaceuticals Pvt. Ltd.,2025-10-10,Microbial contamination / sterility test failure,CDSCO_NSQ_Alert_Oct_2025_Gujarat_StateLabs.pdf,high,state,active
d64e796a-7cbc-4de1-94bd-b5d2ba0ae936,Atorvastatin Calcium Tablet,LOT25H674,Punarnava Life Sciences Ltd.,2025-06-06,Friability test failure,CDSCO_NSQ_Alert_Jun_2025__CentralLabs.pdf,high,central,active
6d669385-5b6c-4242-b8d0-dc7d43f8e126,Ofloxacin Tablet,25066841,Silverline Drugs Pvt. Ltd.,2026-02-13,Disintegration test failure,CDSCO_NSQ_Alert_Feb_2026__CentralLabs.pdf,high,central,active
b2858de7-0e1c-4189-b7bc-4177e42c2364,Metformin Hydrochloride Tablet,QY3377,Trishakti Healthcare Ltd.,2024-07-30,pH value out of specified range,CDSCO_NSQ_Alert_Jul_2024_WestBengal_StateLabs.pdf,medium,state,active
ae032641-cca8-4366-ada3-aaa3182130ff,Amoxicillin + Clavulanic Acid Tablet,YN3642,Trishakti Healthcare Ltd.,2026-01-09,pH value out of specified range,CDSCO_NSQ_Alert_Jan_2026_WestBengal_StateLabs.pdf,medium,state,active
cee6d3b0-ae81-4be4-9958-7026d22eda69,Amlodipine Besylate Tablet,26079550,Girivan Pharmaceuticals Pvt. Ltd.,2026-02-23,Assay (content of active ingredient) out of specified limits,CDSCO_NSQ_Alert_Feb_2026_WestBengal_StateLabs.pdf,high,state,active
c9cd416d-5187-44ee-bf67-b39f0ded0dff,Azithromycin Tablet,LOT26B843,Punarnava Life Sciences Ltd.,2025-06-09,Microbial contamination / sterility test failure,CDSCO_NSQ_Alert_Jun_2025__CentralLabs.pdf,high,central,active
f5b257ee-438d-4a7e-b040-2bc4f8ea84f9,Metformin Hydrochloride Tablet,YY6986,Vishwas Healthcare Pvt. Ltd.,2025-01-24,Friability test failure,CDSCO_NSQ_Alert_Jan_2025_Gujarat_StateLabs.pdf,high,state,active
cead1f1c-7792-460f-bf37-6fdf3413526f,Amlodipine Besylate Tablet,LOT26F885,Everwell Pharmaceuticals Pvt. Ltd.,2025-02-25,Microbial contamination / sterility test failure,CDSCO_NSQ_Alert_Feb_2025_Karnataka_StateLabs.pdf,high,state,active
5ee6e3fe-3b1b-422e-a78e-158c28eb9d1e,Amlodipine Besylate Tablet,PM4763,Crescent Healthcare Ltd.,2025-06-21,Label claim mismatch with declared composition,CDSCO_NSQ_Alert_Jun_2025_Karnataka_StateLabs.pdf,medium,state,active
2dfccd9d-0344-4f9e-9109-beb4c6745e83,Atorvastatin Calcium Tablet,24101247,Greenfield Pharma Industries,2025-06-20,Content uniformity test failure,CDSCO_NSQ_Alert_Jun_2025_UttarPradesh_StateLabs.pdf,high,state,active
fae320be-a8e2-48aa-83f0-0af1f356b950,Metformin Hydrochloride Tablet,LOT25D706,Vishwas Healthcare Pvt. Ltd.,2024-07-09,Label claim mismatch with declared composition,CDSCO_NSQ_Alert_Jul_2024__CentralLabs.pdf,medium,central,active
1b3a7825-1550-4f0c-9cba-97c86ac8daa9,Ofloxacin Tablet,LOT25D980,Trishakti Healthcare Ltd.,2025-06-08,Content uniformity test failure,CDSCO_NSQ_Alert_Jun_2025__CentralLabs.pdf,high,central,active
c3b1369d-3052-4218-ae79-73950fa56275,Cetirizine Hydrochloride Tablet,JN3749,Silverline Drugs Pvt. Ltd.,2025-06-01,Disintegration test failure,CDSCO_NSQ_Alert_Jun_2025_Punjab_StateLabs.pdf,high,state,active
f722619b-4580-4a1f-ba78-e861d3fac4c2,Azithromycin Tablet,26102372,Nirmala Biotech Pvt. Ltd.,2025-06-28,Uniformity of dosage units failure,CDSCO_NSQ_Alert_Jun_2025_Rajasthan_StateLabs.pdf,high,state,active
398c0ceb-635f-4a42-84df-2cf693216b71,Cetirizine Hydrochloride Tablet,LOT25D400,Nirmala Biotech Pvt. Ltd.,2024-04-15,Loss on drying test failure,CDSCO_NSQ_Alert_Apr_2024_Gujarat_StateLabs.pdf,high,state,active
02d3410a-c8e0-419d-9536-93ffcdf7dd03,Cetirizine Hydrochloride Tablet,LN6780,Greenfield Pharma Industries,2025-06-05,Uniformity of dosage units failure,CDSCO_NSQ_Alert_Jun_2025_Karnataka_StateLabs.pdf,low,state,active
a05a5943-5913-4d7a-8d55-8d1a79461045,Paracetamol Tablet,CL5394,Suraksha Pharmaceuticals Ltd.,2025-06-08,Related substances / degradation impurities beyond specified limit,CDSCO_NSQ_Alert_Jun_2025_Haryana_StateLabs.pdf,medium,state,active
f72ec413-9688-4a17-8de2-f1fe2084e8c2,Diclofenac Sodium Tablet,LOT26C595,Everwell Pharmaceuticals Pvt. Ltd.,2026-07-09,Microbial contamination / sterility test failure,CDSCO_NSQ_Alert_Jul_2026_Karnataka_StateLabs.pdf,low,state,active
2bf0bd29-2166-49c3-8c06-4096f63d4dae,Cefixime Tablet,NS8000,Amrutha Drugs Ltd.,2025-06-07,Related substances / degradation impurities beyond specified limit,CDSCO_NSQ_Alert_Jun_2025_Gujarat_StateLabs.pdf,high,state,active
022cca5e-14b1-432b-9d46-2d62b0e8511f,Cetirizine Hydrochloride Tablet,LOT25A559,Amrutha Drugs Ltd.,2025-06-23,Disintegration test failure,CDSCO_NSQ_Alert_Jun_2025_Gujarat_StateLabs.pdf,high,state,active
f865b49a-4b34-4fca-9278-11c209a67753,Ciprofloxacin Hydrochloride Tablet,25022492,Vishwas Healthcare Pvt. Ltd.,2025-12-13,pH value out of specified range,CDSCO_NSQ_Alert_Dec_2025__CentralLabs.pdf,medium,central,active
befd8500-2457-49d0-973f-0ee299a17b82,Cefixime Tablet,FW1732,Trishakti Healthcare Ltd.,2025-06-07,Water content (Karl Fischer) test failure,CDSCO_NSQ_Alert_Jun_2025__CentralLabs.pdf,high,central,active
7fc02874-4ca6-448d-a60b-a971d6f09bb0,Atorvastatin Calcium Tablet,24036746,Everwell Pharmaceuticals Pvt. Ltd.,2024-07-05,Friability test failure,CDSCO_NSQ_Alert_Jul_2024_Gujarat_StateLabs.pdf,medium,state,active
338a3fea-7cb7-432c-8da0-bbec86383b00,Azithromycin Tablet,26015036,Everwell Pharmaceuticals Pvt. Ltd.,2026-01-10,Disintegration test failure,CDSCO_NSQ_Alert_Jan_2026_Karnataka_StateLabs.pdf,high,state,active
2efc6be5-abdd-42d7-b07d-d3f859b19509,Pantoprazole Tablet,MM3756,Vishwas Healthcare Pvt. Ltd.,2025-06-05,Water content (Karl Fischer) test failure,CDSCO_NSQ_Alert_Jun_2025_Karnataka_StateLabs.pdf,high,state,active
38f705a0-135e-47f6-afe8-a8e662ca5dc9,Ciprofloxacin Hydrochloride Tablet,RZ7159,Bhoomi Remedies Pvt. Ltd.,2025-06-26,Uniformity of dosage units failure,CDSCO_NSQ_Alert_Jun_2025_TamilNadu_StateLabs.pdf,high,state,active
db4e753a-6c1a-4e3c-8ae0-52dbaed548bd,Amlodipine Besylate Tablet,26059603,Trishakti Healthcare Ltd.,2025-06-02,pH value out of specified range,CDSCO_NSQ_Alert_Jun_2025_Rajasthan_StateLabs.pdf,medium,state,active
8bbc1e09-b91c-43e5-ab94-e8f7180a7831,Atorvastatin Calcium Tablet,LOT24C396,Kalash Biotech Ltd.,2025-06-17,Dissolution test failure,CDSCO_NSQ_Alert_Jun_2025_Gujarat_StateLabs.pdf,high,state,active
e7e5f511-b95a-4637-bfaf-e77ca5f28b7d,Pantoprazole Tablet,UP2501,Trishakti Healthcare Ltd.,2025-06-07,Label claim mismatch with declared composition,CDSCO_NSQ_Alert_Jun_2025__CentralLabs.pdf,medium,central,active
5494a2ed-d374-4c54-b1d7-6664c2616df4,Cetirizine Hydrochloride Tablet,AR8200,Greenfield Pharma Industries,2026-02-23,Uniformity of dosage units failure,CDSCO_NSQ_Alert_Feb_2026__CentralLabs.pdf,high,central,active
786359fd-c93a-4b51-92ed-fa8c1ae364a7,Amoxicillin + Clavulanic Acid Tablet,PG6242,Kalash Biotech Ltd.,2025-09-09,Label claim mismatch with declared composition,CDSCO_NSQ_Alert_Sep_2025_Karnataka_StateLabs.pdf,high,state,active
744fce4e-5550-4cf1-b9b3-33451a208df8,Ciprofloxacin Hydrochloride Tablet,25118742,Ranjani Drugs & Chemicals Ltd.,2026-01-03,Disintegration test failure,CDSCO_NSQ_Alert_Jan_2026__CentralLabs.pdf,high,central,active
68d8cf91-db99-43ee-911d-9a32f68acb7c,Ciprofloxacin Hydrochloride Tablet,26096745,Everwell Pharmaceuticals Pvt. Ltd.,2026-02-05,Dissolution test failure,CDSCO_NSQ_Alert_Feb_2026_Karnataka_StateLabs.pdf,medium,state,active
d4adbf3a-2ff4-4744-98ec-cebab4f82821,Paracetamol Tablet,LOT24B549,Silverline Drugs Pvt. Ltd.,2025-06-24,Microbial contamination / sterility test failure,CDSCO_NSQ_Alert_Jun_2025__CentralLabs.pdf,medium,central,active
550d60c1-f944-413f-965e-396fa8e27e16,Ciprofloxacin Hydrochloride Tablet,LOT25E388,Everwell Pharmaceuticals Pvt. Ltd.,2025-06-16,Water content (Karl Fischer) test failure,CDSCO_NSQ_Alert_Jun_2025__CentralLabs.pdf,low,central,active
ad2e3c69-663b-4fa2-97b3-5674747a703e,Paracetamol Tablet,25103117,Amrutha Drugs Ltd.,2025-06-11,Disintegration test failure,CDSCO_NSQ_Alert_Jun_2025_Maharashtra_StateLabs.pdf,high,state,active
fd4c989f-bd1d-44c2-9449-e26208395024,Diclofenac Sodium Tablet,LOT25F985,Sanjeevani Formulations Pvt. Ltd.,2024-12-28,Uniformity of dosage units failure,CDSCO_NSQ_Alert_Dec_2024__CentralLabs.pdf,high,central,active
c37e21b8-c54a-44f8-942f-8e32368cd255,Cefixime Tablet,TS9571,Vaidya Labs Pvt. Ltd.,2024-05-16,Water content (Karl Fischer) test failure,CDSCO_NSQ_Alert_May_2024__CentralLabs.pdf,high,central,active
7a7b75ab-7903-4d0a-8f86-155ee5732748,Metformin Hydrochloride Tablet,GJ1438,Nirmala Biotech Pvt. Ltd.,2025-06-05,pH value out of specified range,CDSCO_NSQ_Alert_Jun_2025_TamilNadu_StateLabs.pdf,medium,state,active
c8fcd49a-9ce3-4d0e-a85e-602669714dde,Ofloxacin Tablet,LOT26E682,Ranjani Drugs & Chemicals Ltd.,2025-05-09,Weight variation test failure,CDSCO_NSQ_Alert_May_2025_Maharashtra_StateLabs.pdf,high,state,active
1f93f4e9-6c76-456f-a5be-32b5d737b051,Cetirizine Hydrochloride Tablet,24051207,Nirmala Biotech Pvt. Ltd.,2025-07-04,Loss on drying test failure,CDSCO_NSQ_Alert_Jul_2025__CentralLabs.pdf,high,central,active
15736e7f-e6e2-404b-9f83-010f45cd5a88,Diclofenac Sodium Tablet,VZ4986,Girivan Pharmaceuticals Pvt. Ltd.,2024-06-26,Assay (content of active ingredient) out of specified limits,CDSCO_NSQ_Alert_Jun_2024_Karnataka_StateLabs.pdf,medium,state,active
a08299f9-a13b-4be7-919d-7bded3138df7,Ciprofloxacin Hydrochloride Tablet,AB7806,Ranjani Drugs & Chemicals Ltd.,2026-06-02,Label claim mismatch with declared composition,CDSCO_NSQ_Alert_Jun_2026_Haryana_StateLabs.pdf,low,state,active
713b47c0-8815-4619-b4aa-2475e1372fb3,Cetirizine Hydrochloride Tablet,26042169,Ranjani Drugs & Chemicals Ltd.,2024-01-15,Weight variation test failure,CDSCO_NSQ_Alert_Jan_2024__CentralLabs.pdf,high,central,active
022358c9-bdde-4070-b5dd-f352da510757,Azithromycin Tablet,LOT24C707,Crescent Healthcare Ltd.,2024-04-15,Uniformity of dosage units failure,CDSCO_NSQ_Alert_Apr_2024__CentralLabs.pdf,high,central,active
0c7f95fc-c495-451b-95bb-7e29aa5256b8,Azithromycin Tablet,VM4562,Kalash Biotech Ltd.,2026-06-24,pH value out of specified range,CDSCO_NSQ_Alert_Jun_2026__CentralLabs.pdf,high,central,active
91caf761-6175-4044-8c5f-d04ffcf3e963,Amoxicillin + Clavulanic Acid Tablet,XS9340,Meridian Formulations Pvt. Ltd.,2025-12-24,Description does not match approved specification (visual defect),CDSCO_NSQ_Alert_Dec_2025_Maharashtra_StateLabs.pdf,medium,state,active
017d7e5e-5245-4338-a17b-5c54dcf69b7a,Paracetamol Tablet,LOT24D376,Silverline Drugs Pvt. Ltd.,2025-06-15,Friability test failure,CDSCO_NSQ_Alert_Jun_2025_Maharashtra_StateLabs.pdf,high,state,active
e37ff077-3fb0-4435-950f-1f4c5f2bbdeb,Amlodipine Besylate Tablet,LOT25D170,Greenfield Pharma Industries,2025-06-18,Related substances / degradation impurities beyond specified limit,CDSCO_NSQ_Alert_Jun_2025_Maharashtra_StateLabs.pdf,high,state,active
c6c37ac1-ca1e-4949-971d-42c0defedeae,Cetirizine Hydrochloride Tablet,25042422,Suraksha Pharmaceuticals Ltd.,2026-01-15,Water content (Karl Fischer) test failure,CDSCO_NSQ_Alert_Jan_2026_Gujarat_StateLabs.pdf,high,state,active
0b33e26e-395a-422f-b95a-98e67ba0fba1,Paracetamol Tablet,26117140,Northstar Remedies Ltd.,2025-06-02,Water content (Karl Fischer) test failure,CDSCO_NSQ_Alert_Jun_2025_Karnataka_StateLabs.pdf,high,state,active
b4f24efd-8a54-4550-b63c-a451b147f679,Pantoprazole Tablet,VQ8012,Crescent Healthcare Ltd.,2024-03-08,Assay (content of active ingredient) out of specified limits,CDSCO_NSQ_Alert_Mar_2024_Kerala_StateLabs.pdf,medium,state,active
17c68c09-29d3-4731-a735-0d8ee3959be4,Pantoprazole Tablet,XZ5343,Aadhya Pharma Industries,2024-04-22,Friability test failure,CDSCO_NSQ_Alert_Apr_2024_Karnataka_StateLabs.pdf,high,state,active
3569a8ba-6155-4ac6-9a58-f87102d3e7b1,Amlodipine Besylate Tablet,WB5778,Silverline Drugs Pvt. Ltd.,2025-06-18,Friability test failure,CDSCO_NSQ_Alert_Jun_2025_Maharashtra_StateLabs.pdf,high,state,active
de166687-e83e-44e6-81bc-662f8a4b0f89,Diclofenac Sodium Tablet,LOT24B526,Suraksha Pharmaceuticals Ltd.,2025-10-20,Content uniformity test failure,CDSCO_NSQ_Alert_Oct_2025_Karnataka_StateLabs.pdf,medium,state,active
d685c3b2-df44-4036-b33c-82221a825c3b,Diclofenac Sodium Tablet,LOT25A612,Suraksha Pharmaceuticals Ltd.,2025-06-26,Microbial contamination / sterility test failure,CDSCO_NSQ_Alert_Jun_2025_TamilNadu_StateLabs.pdf,high,state,active
2edd931f-8415-4876-b123-48de726a9bd3,Amlodipine Besylate Tablet,TK2537,Meridian Formulations Pvt. Ltd.,2025-02-22,Uniformity of dosage units failure,CDSCO_NSQ_Alert_Feb_2025_TamilNadu_StateLabs.pdf,medium,state,active
e27f5400-5525-40b1-9e62-ac3f6c6b5fbe,Pantoprazole Tablet,24073467,Silverline Drugs Pvt. Ltd.,2025-06-15,Water content (Karl Fischer) test failure,CDSCO_NSQ_Alert_Jun_2025_Gujarat_StateLabs.pdf,high,state,active
d72fb3cd-afde-45f2-96d0-a9bc5a2740e8,Amlodipine Besylate Tablet,FV3808,Nirmala Biotech Pvt. Ltd.,2025-06-20,Microbial contamination / sterility test failure,CDSCO_NSQ_Alert_Jun_2025__CentralLabs.pdf,high,central,active
ebf00cd4-d45c-4842-999d-48e94baac74f,Paracetamol Tablet,LOT26D336,Bhoomi Remedies Pvt. Ltd.,2025-06-13,Loss on drying test failure,CDSCO_NSQ_Alert_Jun_2025_Gujarat_StateLabs.pdf,medium,state,active
d5ab993b-cff6-4f38-bd27-7a5a7cfce7d4,Ofloxacin Tablet,25031687,Silverline Drugs Pvt. Ltd.,2025-05-08,Assay (content of active ingredient) out of specified limits,CDSCO_NSQ_Alert_May_2025_Maharashtra_StateLabs.pdf,high,state,active
208fcbdd-43f5-474d-9656-8e53d7ec5978,Atorvastatin Calcium Tablet,24027116,Amrutha Drugs Ltd.,2026-06-17,Related substances / degradation impurities beyond specified limit,CDSCO_NSQ_Alert_Jun_2026_WestBengal_StateLabs.pdf,high,state,active
89bb2897-8a81-4e82-a565-39cce1de369f,Metformin Hydrochloride Tablet,24065297,Girivan Pharmaceuticals Pvt. Ltd.,2025-06-25,Label claim mismatch with declared composition,CDSCO_NSQ_Alert_Jun_2025_Haryana_StateLabs.pdf,low,state,active
01508cb4-8ce5-4332-af86-80b1bbd62318,Cetirizine Hydrochloride Tablet,LOT24D285,Suraksha Pharmaceuticals Ltd.,2025-08-24,Content uniformity test failure,CDSCO_NSQ_Alert_Aug_2025_Maharashtra_StateLabs.pdf,medium,state,active
af3da61d-96b4-46d3-82a8-af51f9735e76,Atorvastatin Calcium Tablet,26046462,Aadhya Pharma Industries,2026-06-17,Uniformity of dosage units failure,CDSCO_NSQ_Alert_Jun_2026__CentralLabs.pdf,medium,central,active
e49e6275-ca03-446f-a676-564ff6ba4508,Metformin Hydrochloride Tablet,24064338,Suraksha Pharmaceuticals Ltd.,2024-01-06,Loss on drying test failure,CDSCO_NSQ_Alert_Jan_2024_MadhyaPradesh_StateLabs.pdf,high,state,active
092f80f3-7fcf-4c5b-81fa-f20cad96db8b,Cetirizine Hydrochloride Tablet,MV9901,Northstar Remedies Ltd.,2025-06-02,Content uniformity test failure,CDSCO_NSQ_Alert_Jun_2025_Kerala_StateLabs.pdf,high,state,active
5ffb108c-2f78-43eb-b4f9-ac8ac268d1f6,Cetirizine Hydrochloride Tablet,LOT26B883,Ranjani Drugs & Chemicals Ltd.,2025-06-21,Microbial contamination / sterility test failure,CDSCO_NSQ_Alert_Jun_2025_Maharashtra_StateLabs.pdf,low,state,active
51100829-461f-4b6d-b9bd-03a68da9d468,Cefixime Tablet,24104152,Ranjani Drugs & Chemicals Ltd.,2026-04-13,Content uniformity test failure,CDSCO_NSQ_Alert_Apr_2026_TamilNadu_StateLabs.pdf,medium,state,active
bc068987-2377-4bef-b142-f746b75e092b,Cefixime Tablet,HQ6107,Suraksha Pharmaceuticals Ltd.,2026-01-31,Related substances / degradation impurities beyond specified limit,CDSCO_NSQ_Alert_Jan_2026_Rajasthan_StateLabs.pdf,high,state,active
585245a9-bb23-49c4-a763-e67b4b066b47,Cefixime Tablet,26041009,Punarnava Life Sciences Ltd.,2025-06-13,Label claim mismatch with declared composition,CDSCO_NSQ_Alert_Jun_2025_TamilNadu_StateLabs.pdf,medium,state,active
04857a19-1962-460a-b103-faa2840ae3fc,Amoxicillin + Clavulanic Acid Tablet,EG4321,Sanjeevani Formulations Pvt. Ltd.,2025-06-03,Dissolution test failure,CDSCO_NSQ_Alert_Jun_2025__CentralLabs.pdf,medium,central,active
f1319e66-b961-4dc3-953e-90e71b44fa64,Azithromycin Tablet,GC8057,Ranjani Drugs & Chemicals Ltd.,2025-06-29,Friability test failure,CDSCO_NSQ_Alert_Jun_2025__CentralLabs.pdf,high,central,active
f604ba4a-3853-4bf4-9f5f-8afb3534e131,Ofloxacin Tablet,LOT24C704,Crescent Healthcare Ltd.,2026-02-21,Water content (Karl Fischer) test failure,CDSCO_NSQ_Alert_Feb_2026__CentralLabs.pdf,high,central,active
cd1227c8-6ce3-406a-8818-f988847b94e2,Amlodipine Besylate Tablet,RP3510,Amrutha Drugs Ltd.,2025-06-09,Description does not match approved specification (visual defect),CDSCO_NSQ_Alert_Jun_2025_Maharashtra_StateLabs.pdf,high,state,active
1ed2ca2e-ad4d-4d2e-8b46-7a8fc4d22a99,Azithromycin Tablet,24066618,Punarnava Life Sciences Ltd.,2025-11-11,Description does not match approved specification (visual defect),CDSCO_NSQ_Alert_Nov_2025_Karnataka_StateLabs.pdf,high,state,active
bb60178e-36b3-4acf-a8b4-38cf55097293,Paracetamol Tablet,KL7646,Everwell Pharmaceuticals Pvt. Ltd.,2026-05-06,Water content (Karl Fischer) test failure,CDSCO_NSQ_Alert_May_2026_UttarPradesh_StateLabs.pdf,high,state,active
cbee9b60-972d-4805-943d-dcf077014d5f,Ofloxacin Tablet,LOT25E971,Silverline Drugs Pvt. Ltd.,2026-01-19,Disintegration test failure,CDSCO_NSQ_Alert_Jan_2026__CentralLabs.pdf,high,central,active
c1a7ebef-f7a3-4d23-83b5-aee974bb7b18,Atorvastatin Calcium Tablet,LOT26B998,Amrutha Drugs Ltd.,2025-01-12,Disintegration test failure,CDSCO_NSQ_Alert_Jan_2025_Gujarat_StateLabs.pdf,high,state,active
f1f2f3d2-6d25-4f7a-b17f-c6ee420bcb6a,Cetirizine Hydrochloride Tablet,26046046,Punarnava Life Sciences Ltd.,2024-11-06,Content uniformity test failure,CDSCO_NSQ_Alert_Nov_2024_Rajasthan_StateLabs.pdf,low,state,active
626cd755-6c86-4b15-93ee-10494cfc5445,Metformin Hydrochloride Tablet,LOT24C525,Ranjani Drugs & Chemicals Ltd.,2026-06-25,Friability test failure,CDSCO_NSQ_Alert_Jun_2026_Maharashtra_StateLabs.pdf,high,state,active
6a1de2ae-1c46-4450-9a46-bd96db3e3fe2,Ofloxacin Tablet,VN5327,Trishakti Healthcare Ltd.,2025-06-15,Label claim mismatch with declared composition,CDSCO_NSQ_Alert_Jun_2025__CentralLabs.pdf,medium,central,active
30463c4f-df97-438e-b955-87c193fb0701,Cefixime Tablet,HE4797,Sanjeevani Formulations Pvt. Ltd.,2026-03-27,Label claim mismatch with declared composition,CDSCO_NSQ_Alert_Mar_2026__CentralLabs.pdf,high,central,active
4041b6f6-1267-4acf-9537-5920c3191137,Atorvastatin Calcium Tablet,LOT24F733,Punarnava Life Sciences Ltd.,2024-02-16,Disintegration test failure,CDSCO_NSQ_Alert_Feb_2024_Gujarat_StateLabs.pdf,high,state,active
3c6d774d-a187-4726-9ada-9d70cb61b6db,Azithromycin Tablet,25095235,Everwell Pharmaceuticals Pvt. Ltd.,2025-06-28,Related substances / degradation impurities beyond specified limit,CDSCO_NSQ_Alert_Jun_2025_Karnataka_StateLabs.pdf,high,state,active
59392898-e889-4a08-ae7f-765bfde7d30d,Azithromycin Tablet,BZ1607,Ranjani Drugs & Chemicals Ltd.,2025-07-14,Loss on drying test failure,CDSCO_NSQ_Alert_Jul_2025__CentralLabs.pdf,high,central,active
bd8e7fa2-9980-4638-abdb-6b0f0a72f179,Paracetamol Tablet,UJ8678,Kavach Pharma Industries,2025-02-26,Content uniformity test failure,CDSCO_NSQ_Alert_Feb_2025_Telangana_StateLabs.pdf,high,state,active
884e4434-2f52-4ceb-8967-278600f109d0,Ofloxacin Tablet,24096392,Suraksha Pharmaceuticals Ltd.,2025-06-16,Weight variation test failure,CDSCO_NSQ_Alert_Jun_2025_WestBengal_StateLabs.pdf,medium,state,active
ee2a3de4-52eb-4be1-98a4-e5b0e9f05bda,Ciprofloxacin Hydrochloride Tablet,LOT26D970,Crescent Healthcare Ltd.,2026-02-03,Description does not match approved specification (visual defect),CDSCO_NSQ_Alert_Feb_2026_Gujarat_StateLabs.pdf,high,state,active
4fcb251e-e52c-47a0-8ffe-408583959cc3,Cetirizine Hydrochloride Tablet,24042150,Vaidya Labs Pvt. Ltd.,2025-06-02,pH value out of specified range,CDSCO_NSQ_Alert_Jun_2025_AndhraPradesh_StateLabs.pdf,high,state,active
9e474829-1cfa-4f83-90fe-f66b68f6ca59,Ciprofloxacin Hydrochloride Tablet,LOT24H444,Amrutha Drugs Ltd.,2025-06-29,Friability test failure,CDSCO_NSQ_Alert_Jun_2025_Maharashtra_StateLabs.pdf,high,state,active
290ddcf7-55aa-40ce-9336-9707d7d6995e,Ciprofloxacin Hydrochloride Tablet,SR4466,Bhoomi Remedies Pvt. Ltd.,2024-10-15,Content uniformity test failure,CDSCO_NSQ_Alert_Oct_2024__CentralLabs.pdf,medium,central,active
2ffb7a2d-d486-409a-b61e-0455867bc7c3,Pantoprazole Tablet,26023639,Trishakti Healthcare Ltd.,2025-03-27,Microbial contamination / sterility test failure,CDSCO_NSQ_Alert_Mar_2025_Karnataka_StateLabs.pdf,medium,state,active
43c68d77-2dab-42f3-967b-c3277a10d2e8,Pantoprazole Tablet,LOT25D357,Kavach Pharma Industries,2024-09-19,Assay (content of active ingredient) out of specified limits,CDSCO_NSQ_Alert_Sep_2024_TamilNadu_StateLabs.pdf,low,state,active
61ff7632-87af-4ea0-97dc-b0330a7bbba2,Paracetamol Tablet,LOT24H134,Vaidya Labs Pvt. Ltd.,2024-11-28,Disintegration test failure,CDSCO_NSQ_Alert_Nov_2024__CentralLabs.pdf,high,central,active
47cbcd95-e3d1-435d-bcc7-5bb30979a974,Ofloxacin Tablet,LOT26F768,Northstar Remedies Ltd.,2025-06-28,pH value out of specified range,CDSCO_NSQ_Alert_Jun_2025__CentralLabs.pdf,medium,central,active
46e3ca8f-4a74-4e07-aef0-4340ffe8a381,Pantoprazole Tablet,EF4896,Sanjeevani Formulations Pvt. Ltd.,2025-05-05,Friability test failure,CDSCO_NSQ_Alert_May_2025__CentralLabs.pdf,medium,central,active
a0b0cdfc-c389-488c-ad8e-052f6875bb56,Metformin Hydrochloride Tablet,24086789,Nirmala Biotech Pvt. Ltd.,2025-06-08,Label claim mismatch with declared composition,CDSCO_NSQ_Alert_Jun_2025_MadhyaPradesh_StateLabs.pdf,high,state,active
2ab26568-70de-4a89-9bf5-bd81fe55894f,Paracetamol Tablet,LOT26C565,Crescent Healthcare Ltd.,2024-04-12,Uniformity of dosage units failure,CDSCO_NSQ_Alert_Apr_2024_Rajasthan_StateLabs.pdf,high,state,active
8c5c5b54-13eb-4afa-bbe4-d539cccb336e,Cefixime Tablet,LOT24H351,Ranjani Drugs & Chemicals Ltd.,2025-06-03,pH value out of specified range,CDSCO_NSQ_Alert_Jun_2025_Maharashtra_StateLabs.pdf,high,state,active
f7b3534e-bb10-410d-bf4d-fcb84f2817e5,Amoxicillin + Clavulanic Acid Tablet,26017421,Ranjani Drugs & Chemicals Ltd.,2025-06-26,Weight variation test failure,CDSCO_NSQ_Alert_Jun_2025__CentralLabs.pdf,medium,central,active
c7c9b626-c9fa-45ac-bfe0-28c4b2c7b732,Metformin Hydrochloride Tablet,LOT26A375,Silverline Drugs Pvt. Ltd.,2024-05-26,Content uniformity test failure,CDSCO_NSQ_Alert_May_2024_Karnataka_StateLabs.pdf,high,state,active
