id,scan_id,image_reference,report_type,description,reporter_identity_hash,created_at,status,visibility
606ca13c-dd8d-4c4f-9a6a-5f49b9f2c553,387d8e4b-c8c9-4e5a-8848-1179e04ccbcd,report_photo_FM9184_3276.jpg,suspected_counterfeit,QR code area looks re-printed / glued on.,e6d0136206822efee0840b358407f73e,2025-11-11T20:15:00,open,regulator_only
f6767bc4-7d2a-49a2-855e-bc28fa90dae2,b92d29a9-e2b6-4b67-b3eb-0602696329af,report_photo_25013914_8996.jpg,seal_tampering,Blister strip looked resealed.,57f102b9140b3355f56fa0d5e911c9c3,2026-07-18T09:40:00,open,regulator_only
b9be7ddc-5f16-42b3-8cd2-215d92e9ef66,6f8093a2-0ab7-4774-b9aa-277c28d6c8f0,report_photo_TX6690_8642.jpg,seal_tampering,Outer seal was broken on purchase.,dd3524f716faf9fe0f9133d8f787c123,2026-02-06T16:48:00,open,regulator_only
da1cf1bf-4780-4747-a606-d05605c8b6f1,ef9fa916-1164-43ed-a5c8-0ad0bac268c3,report_photo_FM9184_6568.jpg,suspected_counterfeit,QR code area looks re-printed / glued on.,fdf159085c6329f7e211f0aa4d45e5af,2026-09-13T17:10:00,open,regulator_only
fc48570a-027c-4b82-875e-b647f7e40bca,a1b35c95-fdbf-4c5f-b6e7-62952481dad9,report_photo_VC1436_1457.jpg,label_damage,Expiry date smudged and unreadable.,ed77daa8ea9c0c0a8f0ece0fa29929a3,2026-04-17T09:11:00,under_investigation,regulator_only
8a706165-004b-494f-9e64-722cbc972120,130d3654-40b4-4a2e-8ae1-baaadde07f76,report_photo_AX2291_1490.jpg,seal_tampering,Blister strip looked resealed.,a59f6d969fce616e8a7b51be929b7102,2026-08-14T14:36:00,dismissed,regulator_only
2bf3a1aa-5782-4e5a-bd03-edc7ea336cae,442059b6-d4e0-49bb-ab9a-d09657e1a5c6,report_photo_26064863_2848.jpg,expiry_concern,Pack found on shelf well past printed expiry.,527157f57d01dbb3516d9006479c48fc,2026-06-01T07:30:00,dismissed,regulator_only
6c6d1b38-5009-4fcc-87bd-778b2ad0a9f9,1e0e4771-3506-417e-9e1e-30af718f74f5,report_photo_TM1006_1499.jpg,suspected_counterfeit,Packaging seal looked tampered.,51df688fee0737fddee0d363f46f26d9,2026-05-14T21:54:00,under_investigation,regulator_only
71ad5c7f-c983-423e-9c6a-82572d71fcc4,090d2b61-044a-40cb-8b13-7f80e51a8897,report_photo_24041775_8231.jpg,suspected_counterfeit,Print quality looks different from the usual pack.,fb83e97b96f0ee8f6fab2f8da61b7eb2,2026-05-19T15:27:00,under_investigation,regulator_only
03cbc34c-02cf-4ec7-8a4d-8fef4e1c1289,cb1300e1-9798-4b2b-a3b9-b303d13bc049,report_photo_PT8813_4299.jpg,label_damage,Batch number partially rubbed off.,55fc873739eed607e24a296a0d81fcc8,2025-11-07T10:49:00,dismissed,regulator_only
3973c72b-1a86-44f1-a0ce-ad4e8ddd63f4,0433d1bc-5599-4c74-beb2-89b4c6dddc58,report_photo_DW0138_8920.jpg,label_damage,Batch number partially rubbed off.,30b9421affdeb4b9395627f6cbe6ca8d,2026-01-16T17:24:00,under_investigation,regulator_only
5a4b4398-e89b-46d3-a8a3-ed6331c49ce7,a855d519-6cb6-44e9-a951-924eef654f7a,report_photo_LOT26G147_5680.jpg,label_damage,Expiry date smudged and unreadable.,67127dfc402230def1193a0ea57a2fcb,2026-04-13T08:20:00,under_investigation,regulator_only
e3f55f7f-4892-46b4-9d0d-7290e6d057be,ec5ebaba-0eda-4d02-a09b-4782b096345a,report_photo_JK4471_4835.jpg,expiry_concern,Pack found on shelf well past printed expiry.,a41c8e1ca9de4ea1f544902f32d9ef46,2025-11-24T10:45:00,dismissed,regulator_only
2f896b66-3c69-4c30-a480-649daa900e96,dc39680d-53ff-4aa0-ae11-c12f9f2cad33,report_photo_WE1206_8236.jpg,label_damage,Batch number partially rubbed off.,ef2850309418efb58169bbd894d9474c,2025-10-23T12:23:00,under_investigation,regulator_only
f76e4f5e-e48d-433a-81fe-a2b2242fc25a,ac8ff1d6-7b9e-4129-a406-123f28fb56fb,report_photo_YB3944_5976.jpg,suspected_nsq_batch,Batch number matches a number I saw on a news report about a recall.,1d6357eeb75d45c9425585203d98ad66,2026-07-20T09:46:00,confirmed,regulator_only
c5befecf-7f77-4d64-934f-e2b1da1137c7,d341a2ed-92df-42a9-b64a-55e681134f1d,report_photo_FM9184_9448.jpg,expiry_concern,Pharmacist sold an expired-looking pack.,db9f25f3251a97a911d1ed6cb0ff8120,2025-09-25T21:59:00,under_investigation,regulator_only
c2fe45a6-0e41-4ebd-9634-008ab5c6d11f,24469364-5853-428e-8980-ab322ef03bc0,report_photo_TX6690_6826.jpg,seal_tampering,Outer seal was broken on purchase.,4ada329fdfd13f4badc5656277a45e7b,2026-05-30T18:37:00,open,regulator_only
a503e78b-fd1a-424d-9016-c865044b0c87,da43acb2-d441-4b60-82c3-0afc15dce7d9,report_photo_JK4471_6053.jpg,expiry_concern,Pack found on shelf well past printed expiry.,b3a71c328be653812e443608ba97610a,2026-08-17T18:17:00,dismissed,regulator_only
6bf08a6b-2052-471d-a6c7-47b7d19a8b2e,816cf470-1e09-45a6-a3c4-5b6e42138b44,report_photo_AX2291_7917.jpg,label_damage,Expiry date smudged and unreadable.,f433ca61221a6f1fbb2ac91ce1303035,2026-03-02T10:42:00,confirmed,regulator_only
74ea1e6a-c68c-4041-8d0b-bae1f9a71102,a35fd789-855d-453a-954c-95bf12c8bc30,report_photo_FM9184_1111.jpg,expiry_concern,Pharmacist sold an expired-looking pack.,284639aae7663b51eec66d4d8ea98ff7,2025-11-12T09:45:00,open,regulator_only
b456413b-ad09-4cef-9cfe-e73c4b89c75f,8efcb352-244f-44c0-ac8e-7b45df6eaa11,report_photo_LOT26D648_7178.jpg,suspected_nsq_batch,Batch number matches a number I saw on a news report about a recall.,286d01fb6e7fd49aceedbb2013831650,2026-04-30T20:16:00,confirmed,regulator_only
9a4dadfe-a329-447c-a7a2-e722e6877e60,b1cdd434-bd49-4426-9c3f-fa00626d7e1b,report_photo_TX6690_4052.jpg,suspected_counterfeit,QR code area looks re-printed / glued on.,bb1288844e38509fefaeb80bf0591eb3,2026-04-07T07:59:00,confirmed,regulator_only
b4714cd0-5306-4a43-97d9-832d4b59b43a,1bc4b62c-dda6-4364-8f03-50f04f42b3b4,report_photo_RT0509_4423.jpg,suspected_nsq_batch,Batch number matches a number I saw on a news report about a recall.,f2ef792059620a9973bbadf4af0bed29,2026-02-17T20:55:00,confirmed,regulator_only
c296fb3d-edd9-442a-94bb-04f1d908fb4c,aa6b7ce4-c81f-4ee7-a51c-ccc3724a0c13,report_photo_25021440_5229.jpg,expiry_concern,Pharmacist sold an expired-looking pack.,b6838c2808eedf28a5fdd66a71d9eeef,2025-12-20T10:04:00,confirmed,regulator_only
f3dcd585-56d4-4c72-b69f-5e4525ba95db,62f9ee0e-6291-43f9-9b35-8e5c89dff5c5,report_photo_FM9184_3592.jpg,label_damage,Expiry date smudged and unreadable.,1d1aa00c46a8acb383a943b23bb6837d,2026-04-13T16:06:00,confirmed,regulator_only
aca0a4b4-1907-4d2f-9a9e-98d66f4c5ba0,89ef8065-b364-44b9-be48-86d478cff169,report_photo_FM9184_5385.jpg,suspected_nsq_batch,Batch number matches a number I saw on a news report about a recall.,baeb31cd824679abafabdfcf2a8f3e88,2026-07-12T08:39:00,under_investigation,regulator_only
51a52432-08fb-46b3-a899-e4b3ec393ed8,db4c2af1-88fe-4af4-ab42-4d374910ca2a,report_photo_PT8813_2384.jpg,suspected_nsq_batch,Batch number matches a number I saw on a news report about a recall.,e4c070ed51d833a93a2ef14d8fa678c7,2026-01-27T12:25:00,under_investigation,regulator_only
30635ac8-9433-4f64-8e67-54ffc2b45183,b5567fac-a35d-42d2-b859-ba364214bd98,report_photo_LOT25F116_2240.jpg,expiry_concern,Pharmacist sold an expired-looking pack.,d6f36d4d91bb95d7f0e33f6f28529adc,2026-05-03T13:42:00,open,regulator_only
f4bd7d37-6bd2-4bd1-b306-0f3a2e091450,13e5141f-9c34-46a9-bd33-91335b2b3185,report_photo_LOT25A315_6278.jpg,suspected_counterfeit,Print quality looks different from the usual pack.,40ea50e0db03c26cd1df34db138bd453,2026-04-14T17:02:00,dismissed,regulator_only
e0b7361f-25c9-437e-8ef2-af3813771fb0,9d31aa15-932c-4b17-9888-5abee9fa40a7,report_photo_25056815_1896.jpg,expiry_concern,Pack found on shelf well past printed expiry.,d5e22f45b2c9130d5beac93a12a48c93,2026-09-17T10:05:00,open,regulator_only
99a81dac-9d2c-4c6b-8a61-20e519c44840,00fbe777-81e3-4af8-9685-aea1263d174b,report_photo_FM9184_5258.jpg,label_damage,Batch number partially rubbed off.,8913452b2cd227b6d377e3ffa46cb1b3,2026-08-17T16:09:00,open,regulator_only
1a970c28-a9d6-4169-9ff0-6a73cbbc16d9,89bf76f9-0d63-4965-832c-7de76dc8d5cc,report_photo_TX6690_9285.jpg,suspected_nsq_batch,Batch number matches a number I saw on a news report about a recall.,2fa0ba39cf00253a6d465bdbe40614d3,2025-11-27T19:09:00,open,regulator_only
561da22e-99bb-44e4-8e00-7ce9ee38c600,be084e9b-b7e6-4d91-adfc-c0a7d4fe0cbb,report_photo_LOT26C443_8245.jpg,seal_tampering,Blister strip looked resealed.,fd8b255192b94d520f676a87e1d1f6c8,2026-07-27T18:35:00,confirmed,regulator_only
f1bc8848-678c-4d92-9db4-4cc2c2ab24d8,22f30db3-dab1-442a-a960-c7abf88f431f,report_photo_FM9184_2746.jpg,suspected_nsq_batch,Batch number matches a number I saw on a news report about a recall.,c0b312fcb5444dc811b3416d98866f7b,2026-07-27T17:45:00,under_investigation,regulator_only
3b3adaaf-c733-498c-8c70-d981b5f6eaf0,8a0413bd-225d-4320-a067-9887abb66b9a,report_photo_25021440_8275.jpg,label_damage,Expiry date smudged and unreadable.,ca1c013237cf68827dc433564af50432,2025-11-04T12:54:00,under_investigation,regulator_only
e3bb3603-8f6b-4ca9-ad73-4c52199a681f,03fc9225-6fb2-44e9-af76-3dced211e3a7,report_photo_25018104_4090.jpg,suspected_counterfeit,Print quality looks different from the usual pack.,a9d8dfaea4ba8415bcd7e92bbc909529,2026-09-05T18:39:00,confirmed,regulator_only
fec94e02-0a23-429a-b28d-83fdb4de37cf,cf07a174-8420-44bd-98bf-0bda9bc4f75b,report_photo_ED6515_5921.jpg,suspected_nsq_batch,Batch number matches a number I saw on a news report about a recall.,1486f4fbfff1bc30869e5d18b2f2c49b,2026-05-30T16:29:00,open,regulator_only
a31848ee-f8a0-4f3b-86fa-81e393e5ab1d,1e674c48-db72-458d-af97-5e1bf0cab8e9,report_photo_FM9184_1819.jpg,label_damage,Expiry date smudged and unreadable.,5dc902a8ae0455ff1777510053dbc06a,2025-12-27T15:37:00,under_investigation,regulator_only
e3b8ea91-cd26-485c-800f-9b304e256f36,dce4a089-bf01-4840-b287-80762440fec8,report_photo_AX2291_5640.jpg,label_damage,Batch number partially rubbed off.,8a6fb7cc4198880d33dcc5ce55521439,2026-02-05T16:50:00,under_investigation,regulator_only
458505b2-d9f5-455e-9938-c95ff76bde90,aa6d9eba-297d-4344-b930-77eb22915e9b,report_photo_PT8813_4509.jpg,suspected_counterfeit,Print quality looks different from the usual pack.,d2488d7e943d2094475349cb10126c3d,2025-09-29T11:29:00,confirmed,regulator_only
556179cc-bc49-4ad4-a165-f5e91979412b,695c9269-12f9-4a25-b7ca-6a347648e904,report_photo_ZN4436_6096.jpg,expiry_concern,Pharmacist sold an expired-looking pack.,17728c9d13598578c1ae6872ca0e293f,2025-12-05T17:28:00,under_investigation,regulator_only
f1c75b18-b6df-4cfb-a190-d99d03baef99,f60ba71a-7d27-4e33-9038-18041ca14c83,report_photo_DR8820_8660.jpg,expiry_concern,Pack found on shelf well past printed expiry.,a4d1f955f2e81ad7492c42e209f10fc9,2026-08-20T14:13:00,open,regulator_only
4be52361-90a9-4332-b209-224db6400e13,54f54a14-4347-4bcf-b7cc-a08f91675063,report_photo_TX6690_3824.jpg,suspected_nsq_batch,Batch number matches a number I saw on a news report about a recall.,9a15eb7a33086b5b9c20720b14a59f1d,2025-11-26T09:15:00,confirmed,regulator_only
2e24f695-1802-4f55-8060-501f19f43a79,cf5dab92-41aa-4c38-b5f8-b7725dd96f3a,report_photo_FM9184_1652.jpg,label_damage,Batch number partially rubbed off.,60b4a7121a53d1d060bbf9f23ca2e5c4,2026-04-08T15:50:00,dismissed,regulator_only
281a254a-71fc-4002-99fc-75cf73d08029,fb7e6af4-bc1b-4d1c-bc78-00d6cbfb8e7a,report_photo_EN3302_5026.jpg,suspected_counterfeit,Print quality looks different from the usual pack.,bcf4314183283ef1d5eb015974e55681,2026-08-31T10:33:00,open,regulator_only
b32feab1-e6bb-433e-87cb-3da5b0628824,73c70f57-1bcd-4536-b147-26ffe640f113,report_photo_DW0138_5401.jpg,seal_tampering,Outer seal was broken on purchase.,4e2b90fb7fa1926f08eab543014e10d3,2025-09-22T10:04:00,under_investigation,regulator_only
4c4a949f-57d7-4dc5-99cb-69934a9f9819,5c954b24-1b27-4991-a921-ef86d3938824,report_photo_AX2291_6104.jpg,suspected_nsq_batch,Batch number matches a number I saw on a news report about a recall.,906c41f088a0a831aee479ffc73a8885,2025-11-01T14:29:00,under_investigation,regulator_only
8c9996ad-d57e-49dd-8916-1eff69e490ac,fe98ea2d-7743-4afc-b0c2-3d8df511d3d9,report_photo_PY9868_6835.jpg,suspected_counterfeit,Print quality looks different from the usual pack.,e0c0c030fe26cd5e24a32bbca31bfe6f,2026-09-02T16:23:00,dismissed,regulator_only
18ccfc7a-7499-47ff-97a9-37952793606f,2fa88fd3-06cf-40b6-aed4-3491c15821b4,report_photo_FM9184_2497.jpg,suspected_nsq_batch,Batch number matches a number I saw on a news report about a recall.,d3c5cedd0711483a37e50e687a840bc8,2026-09-05T14:39:00,confirmed,regulator_only
b6939c40-aa3f-4b0e-ba19-abade677030e,189ac25d-d110-4ddc-958a-58b9f6a515d6,report_photo_PT8813_6981.jpg,label_damage,Expiry date smudged and unreadable.,8595cb757cd40a447650e91677b68a76,2026-09-01T15:18:00,under_investigation,regulator_only
3bdc5d9a-3127-47eb-8c70-d474cbdea25d,18688cb9-3e42-4aac-a490-8cd15880cfb0,report_photo_PT8813_5732.jpg,suspected_nsq_batch,Batch number matches a number I saw on a news report about a recall.,42ae50bc934dfe47c762d2d0e6b952ef,2026-01-06T12:43:00,confirmed,regulator_only
5b1b5fc0-2edd-439e-9e2e-6ab1d6374f12,0a4bbfe2-f320-438f-8677-49f7a9d1289a,report_photo_TX6690_3555.jpg,suspected_nsq_batch,Batch number matches a number I saw on a news report about a recall.,3af2b648b2c0ef7ae4657b36add17b47,2026-06-16T18:54:00,open,regulator_only
20390b6b-bbc7-46b6-a5dc-f01fe527f382,05f220a8-64f0-44b0-a316-b5ba91281c9a,report_photo_FM9184_5921.jpg,seal_tampering,Outer seal was broken on purchase.,e5d5ef8bf0fa6fc4d6128827efdfc5b7,2026-04-13T14:03:00,under_investigation,regulator_only
221a9bed-3c5d-473a-8754-901e0f20be52,73dad18a-089b-4624-bf9e-464a6a53afbe,report_photo_LOT24A304_5139.jpg,seal_tampering,Blister strip looked resealed.,be87bea04e51507bfe11fce54604c04b,2026-08-03T09:41:00,dismissed,regulator_only
87010a73-ecea-47be-9b6a-345b780bd4c5,63aa7768-2880-480f-b811-23cacc947670,report_photo_TX6690_8363.jpg,suspected_counterfeit,Packaging seal looked tampered.,356d257ba575e7272dd303efc01afad8,2026-05-07T17:09:00,open,regulator_only
15c997c0-d874-4904-80cf-9fb8ee9a5e1b,29ac68c8-2e78-4ab5-83e7-ab14066b8faa,report_photo_LOT26C443_9396.jpg,expiry_concern,Pharmacist sold an expired-looking pack.,720bf4d9766b80e9c76dbe045a609683,2026-08-22T17:51:00,open,regulator_only
c229b387-2e71-41bb-9b88-5366e074aaf3,57aa0e3a-46bd-4e9b-bb7e-c314f1efd79a,report_photo_FM9184_9418.jpg,label_damage,Expiry date smudged and unreadable.,18b6784a9732825c0b6086768df1a0dc,2026-06-03T20:07:00,under_investigation,regulator_only
35479047-57c0-43fe-b452-62127fb2f173,bc9be950-b162-4045-927e-f72fea57b639,report_photo_LOT24D758_2543.jpg,label_damage,Expiry date smudged and unreadable.,f57d03a788e9b225c9076b14f55b21f0,2026-03-05T16:50:00,dismissed,regulator_only
2cd830cd-36ce-4bc6-a727-c5383268910b,5f64e534-3226-41f7-bdfa-f20a6635b5d4,report_photo_TM1006_7452.jpg,label_damage,Expiry date smudged and unreadable.,c7d96d75c4f3361ffb5bdd415ded25d0,2026-09-14T20:07:00,under_investigation,regulator_only
1d2b42ca-69a1-487b-992c-36cf87a1a017,86dba305-e883-4903-9c72-e5d298ae1ca7,report_photo_AX2291_6921.jpg,seal_tampering,Blister strip looked resealed.,ca08a1ccfa225f7ced826ec235e42899,2025-12-23T21:42:00,open,regulator_only
5bd6ddb0-99d0-4b94-8876-b0aea0019606,f670816f-8fa0-4ec1-b1f7-21897662c49c,report_photo_25021440_6456.jpg,seal_tampering,Blister strip looked resealed.,57f6a8cb67ccb73d2c498da9fbc1c3f8,2026-08-26T15:02:00,dismissed,regulator_only
0f0a0339-a8a5-4d5b-8eb1-d038a98629ad,89898f8b-32c5-4bd8-a456-3dc86c6e1c9e,report_photo_DW0138_8246.jpg,seal_tampering,Outer seal was broken on purchase.,45c4972096c24fd0d88b59d261c8cf01,2026-03-17T13:04:00,open,regulator_only
d40257d7-561f-48a5-a644-dd3e2b182f01,a77829b3-e817-458b-8339-dd175e2cb243,report_photo_24035412_7739.jpg,suspected_counterfeit,Packaging seal looked tampered.,8dfe358e350395fb5d87bd63bdfd2477,2025-11-27T16:51:00,confirmed,regulator_only
a2286b7e-884a-4d79-8cdd-9f3a55ae9a88,3088c68d-8707-466f-9ad8-475a4af3ca39,report_photo_25021440_4337.jpg,suspected_nsq_batch,Batch number matches a number I saw on a news report about a recall.,058a1ca645cc3c5ba68f7a7c66c24f66,2026-03-23T12:04:00,dismissed,regulator_only
6deded02-57b4-4f01-a125-30b696e42dca,068fb224-4053-4d69-a84a-94db50db5e50,report_photo_25029358_7248.jpg,seal_tampering,Outer seal was broken on purchase.,a570d5c764b0bd639bfeffc282df3cec,2025-09-25T18:36:00,under_investigation,regulator_only
beaa234b-1b5f-4375-8b2c-5f1c74048c82,06edc04a-d1fb-4fed-8778-fefd3bfc7ce5,report_photo_TX6690_5043.jpg,seal_tampering,Blister strip looked resealed.,9e1d757935f40413420ca1ffffb17239,2026-01-16T17:03:00,open,regulator_only
192ed038-3303-42a3-9465-0ba921be9244,595607ad-b6f6-4c45-83d6-ab9b747f04ac,report_photo_LOT25G889_5444.jpg,expiry_concern,Pack found on shelf well past printed expiry.,7f206327b2300edd8c86dda70a75a0d0,2026-06-24T11:53:00,open,regulator_only
00adbd0e-7214-4c73-818b-5f318617047f,8565a522-ad86-4c05-ace2-11bc68d0fc96,report_photo_PT8813_6716.jpg,seal_tampering,Blister strip looked resealed.,f48370526599237e469057f1a0e95092,2026-08-15T13:02:00,confirmed,regulator_only
23b5ecc2-8ab5-4b47-b978-fb28ebd0f38d,140df887-e9e2-4690-8c5f-7b9879f857c5,report_photo_FM9184_1594.jpg,seal_tampering,Blister strip looked resealed.,b714c66ae53fb4c9333a23da4936f5e1,2026-05-01T16:35:00,dismissed,regulator_only
88c2ae7f-f74e-49d8-afad-6c9da1103e37,a86a33f0-751b-4382-a9aa-0d1c0b19d4c5,report_photo_26072599_3949.jpg,suspected_nsq_batch,Batch number matches a number I saw on a news report about a recall.,f1ba8b8f20dfb6825e74c6fcd650c5c7,2026-02-11T16:44:00,under_investigation,regulator_only
d773511e-f3c0-4f13-8f1b-041ee19d8bec,2e55d4ea-d08a-493a-9b31-b39495d601ed,report_photo_LP2098_6656.jpg,label_damage,Expiry date smudged and unreadable.,9b27bf087b6c783c381a04c47b29a0e3,2026-07-26T09:24:00,open,regulator_only
a2ccaf72-b59e-46fc-b7df-91a409c73dae,639b3d5c-9b01-4b83-aa87-8e9dfe4a64f4,report_photo_EN3302_3344.jpg,expiry_concern,Pack found on shelf well past printed expiry.,80749774eb55ee01b65afa4a11b754c0,2025-09-25T09:13:00,under_investigation,regulator_only
75292911-0ac7-456c-a2db-6d7b14b0a565,ddc4e8e5-aa5b-4417-8851-faf80e8ae312,report_photo_VT5503_4971.jpg,seal_tampering,Outer seal was broken on purchase.,2bd31b11719dcf6aaface8d6fde1fd28,2026-03-31T10:14:00,under_investigation,regulator_only
4949a275-08ab-4d38-8ed2-d9574eb614b0,830116a1-c560-4db9-a0f5-90a7a917110c,report_photo_FM9184_8601.jpg,label_damage,Batch number partially rubbed off.,c1cc3ce55d6e55c9f7d6bdee78659f18,2025-10-27T14:55:00,open,regulator_only
bbf62f73-b5f4-4309-9a71-d85f24a15029,2233995d-a5da-44e3-8641-7f65d7c7ee61,report_photo_LN9051_7481.jpg,suspected_nsq_batch,Batch number matches a number I saw on a news report about a recall.,eb030bfdb3ac40c64953abd26ca9a608,2026-08-14T20:38:00,under_investigation,regulator_only
de0d109b-7b82-43bc-806e-e463b4511b35,92881cf8-7f43-4c2f-89ae-8fb97a3270c1,report_photo_LOT25B555_4050.jpg,suspected_nsq_batch,Batch number matches a number I saw on a news report about a recall.,2198ccf570eebc96ce7a48ec14ffee1b,2026-02-03T21:49:00,under_investigation,regulator_only
78f5cc84-93c0-41af-a476-5271caf395da,2077f663-ffa6-4aa4-9e6b-d516bbe4d446,report_photo_LOT24A475_5897.jpg,label_damage,Expiry date smudged and unreadable.,530d3c16d9f3ee04acea510e03b3d869,2026-02-06T21:58:00,confirmed,regulator_only
f20e0b27-cd2d-4b27-af7b-a3989233cc59,957ef73e-32a5-4960-9292-81d5abf7b487,report_photo_TX6690_5001.jpg,expiry_concern,Pharmacist sold an expired-looking pack.,4afd020ee4ed8251e4797043f49246ab,2025-11-02T15:52:00,open,regulator_only
88f8d935-9b64-47f4-905b-c9049360ad77,16cd4251-1f70-4fe8-b7c6-be2d63cd1f2c,report_photo_PY9868_7587.jpg,suspected_nsq_batch,Batch number matches a number I saw on a news report about a recall.,378222a045acbcb42b4c919f9d1d024d,2026-01-31T07:41:00,dismissed,regulator_only
3b77c799-a5bf-4c30-8ada-d3fd36b654aa,b7f084b6-d0d7-4bb1-aa49-f56b5d5065d7,report_photo_PT8813_7577.jpg,seal_tampering,Outer seal was broken on purchase.,1ed2527e9f4da0aea0eea5f1719069e4,2026-02-23T18:21:00,open,regulator_only
e86fc867-57f7-4ad7-975d-e3e5ed4d0e79,a164924e-2a96-4ca7-8aa4-50e6ffeaa742,report_photo_26017153_5654.jpg,label_damage,Batch number partially rubbed off.,cbed7056ba7a44abab98d1a2777c417c,2026-09-05T21:41:00,open,regulator_only
8164fa37-4283-4831-bce3-049b587f394b,bb0acfd9-4035-4b96-a19c-1ab02b1c03f2,report_photo_FM9184_2066.jpg,label_damage,Batch number partially rubbed off.,144032f70d32c818d2fd0a0a943cd1af,2026-02-12T19:59:00,open,regulator_only
859e02c5-23cb-4993-8c72-89e54acb303f,9fa9461f-238a-4b65-8820-bcf38829cfdf,report_photo_FM9184_6320.jpg,seal_tampering,Blister strip looked resealed.,9f98fd7e03f67b45b00eb58cad2e3f97,2026-08-24T11:18:00,open,regulator_only
5617b56d-dbfd-43ea-ba24-a98d418f035a,4f8881ba-8a50-4f7a-b016-73d014151a8f,report_photo_PT8813_3808.jpg,suspected_nsq_batch,Batch number matches a number I saw on a news report about a recall.,22e2057a5d767f5fce0e2acba9201d78,2026-06-26T13:59:00,open,regulator_only
3069f0d2-ee48-4f0e-8b64-668d236f1e02,8bc86118-04b8-4540-9d3e-3f9e4981778f,report_photo_24019419_8462.jpg,expiry_concern,Pack found on shelf well past printed expiry.,470bda476dc8cfc41710a277491d15b4,2025-10-01T17:52:00,open,regulator_only
081afde1-4e91-4699-adfa-b3c65ca98556,f5ef1f78-e270-4df4-a199-78653e8d67ad,report_photo_PT8813_9503.jpg,expiry_concern,Pack found on shelf well past printed expiry.,4548edd601f147057a3a7baebdb2fffc,2026-05-14T10:25:00,dismissed,regulator_only
4b008479-60a5-4b84-8317-8fc4b5dc600e,df4d82c3-9933-4931-b73c-68f1eab65a6a,report_photo_FM9184_9873.jpg,label_damage,Expiry date smudged and unreadable.,95ba889b63523771cc11fd94cfbe8aa5,2026-05-13T21:39:00,confirmed,regulator_only
c3b2d72c-fe26-48a4-a9c6-0ea735732978,d93d171c-1f7f-4df3-bfd6-0391b441405f,report_photo_AX2291_8272.jpg,suspected_counterfeit,Packaging seal looked tampered.,bdb534a7f2b9983470bb6dd7ec8e7104,2025-09-24T18:41:00,confirmed,regulator_only
54e5baa4-d017-468b-b03c-9b420003ed03,8f526aeb-e370-4bb3-8ae0-7c0b9b0e55e2,report_photo_TX6690_7906.jpg,label_damage,Batch number partially rubbed off.,0f06473930dba40945ad70231626be5e,2026-07-19T13:33:00,open,regulator_only
f7d2d1e5-77c2-4f1e-a66d-9e0378ca5f3d,eb078ce2-04f3-4b1e-918c-cdeca1c609eb,report_photo_FM9184_4457.jpg,suspected_nsq_batch,Batch number matches a number I saw on a news report about a recall.,5c425fab11cc8bd34eea02204ba0799e,2026-01-04T11:28:00,confirmed,regulator_only
8e8e43c2-c054-4bd9-aa38-f7194a639195,0eb9e30a-3803-491a-9d32-73d08ea980d5,report_photo_VT5503_8444.jpg,seal_tampering,Blister strip looked resealed.,10bbe9c124d71ed8698ca84a60b46376,2026-01-12T11:28:00,confirmed,regulator_only
a3b14f02-d9e0-4072-963b-eae3a6326b66,b9b73486-8ac7-42ca-a86c-8c0e3a45a4a5,report_photo_AX2291_2877.jpg,seal_tampering,Outer seal was broken on purchase.,82b5b8fc4ae6a3af717fe68d61c0a7a4,2026-06-27T19:23:00,open,regulator_only
eab559d1-fed6-4ed1-ae56-c71939786d5e,422f96a1-2e35-4182-8795-6af12900a30f,report_photo_26017153_8525.jpg,suspected_nsq_batch,Batch number matches a number I saw on a news report about a recall.,9077a386918beb69e673969c1dadaffc,2026-05-23T09:00:00,under_investigation,regulator_only
5316603a-285a-43e0-8b8b-691b067880ff,99ce1c64-67e4-4681-be89-016eb6ed544d,report_photo_PT8813_3959.jpg,seal_tampering,Blister strip looked resealed.,ef7c78ccd86aca884f928a86ba614d13,2025-10-02T12:27:00,confirmed,regulator_only
41bc66be-6294-4d9e-989e-40036b481b64,96d7c170-9f7f-4eac-92c5-a5d85c39b0ec,report_photo_PY9868_1325.jpg,expiry_concern,Pack found on shelf well past printed expiry.,27e535f6f8b2b74c2d9e1a6a9937702c,2026-06-05T21:41:00,open,regulator_only
0ea90ce1-d4e7-42be-b48f-8536f62c972f,7b6c89ae-443a-45f8-bfd2-53642407a335,report_photo_AX2291_2642.jpg,expiry_concern,Pharmacist sold an expired-looking pack.,c3d0cd53b95a130968332467743c1ac7,2025-12-13T11:25:00,dismissed,regulator_only
42010553-ce94-48ef-b0b6-7277c2b75912,451d3301-cb15-49e8-a69e-b4626601f8d2,report_photo_TX6690_2012.jpg,expiry_concern,Pharmacist sold an expired-looking pack.,44609bed51c3b8f3310b7e7c9c0c9375,2025-10-08T14:28:00,open,regulator_only
43ba4693-5ee6-4e6c-86fd-b86a50bb6166,8f4a2270-4a37-4c22-8194-21048a5a4602,report_photo_24079813_4128.jpg,expiry_concern,Pack found on shelf well past printed expiry.,ff04654dc3c2afd4d920710fa9243b5a,2026-08-28T17:22:00,open,regulator_only
65981fae-2733-4ae2-8b82-3d44037b5c26,680ca811-4eaa-4a94-97b1-d88cc1edc8b7,report_photo_AX2291_9326.jpg,label_damage,Batch number partially rubbed off.,6bce8b0b6b8524582fc75f8f71131239,2025-11-19T16:57:00,open,regulator_only
8efb0738-6260-4560-9ef5-61d9973fc5e6,1c7cfe1b-f8a7-4bcb-97b0-1c8f639523bd,report_photo_FM9184_3771.jpg,label_damage,Batch number partially rubbed off.,23913bb02c5fc57afad4163e63b41961,2025-12-20T09:06:00,under_investigation,regulator_only
00878577-5609-4f2b-88d1-2b97fe2367cd,6cef1c40-365d-41f2-b0cb-17963c2b269e,report_photo_LP2098_2642.jpg,expiry_concern,Pack found on shelf well past printed expiry.,65d2bf3e23c908af641219377cad80f6,2026-05-27T15:52:00,under_investigation,regulator_only
1c9b9310-48b0-431d-b2c5-41b555b27225,a959cb3e-ac46-42a4-b05b-c2b78236320b,report_photo_24082290_7830.jpg,seal_tampering,Blister strip looked resealed.,8544555c1542e63999cb976232ba68d3,2026-02-14T07:32:00,under_investigation,regulator_only
0141b17f-a9e4-4c79-b2ee-01d0af737795,d2e6ab40-1d3b-473b-9661-4c2ec823d6d9,report_photo_DR8820_5156.jpg,seal_tampering,Blister strip looked resealed.,95d16cb3e5dbc9414ea5acfa5078efab,2026-06-01T21:51:00,under_investigation,regulator_only
d6e463f8-0724-4bfa-8110-a1ed9e857d61,7f5652a9-0503-46f4-b159-eb1318a57981,report_photo_TX6690_9756.jpg,suspected_counterfeit,QR code area looks re-printed / glued on.,126cac28cf05e63f204f3227bbb3cab5,2025-10-03T09:16:00,open,regulator_only
4fb52be7-c559-4a8b-95cb-72be6babd7d1,ffc0c40e-3b8d-4451-bb1c-3426e2eba893,report_photo_TX6690_1343.jpg,label_damage,Batch number partially rubbed off.,e844c6e57860f38ce57c83128bdb0c63,2026-02-19T11:06:00,open,regulator_only
9e93473a-315f-4efa-aad5-5ea3ac213b2c,0b347037-f901-4ff5-b5b6-0cb6339035fe,report_photo_TX6690_2193.jpg,suspected_counterfeit,QR code area looks re-printed / glued on.,a0e1e88f193fdf850f85c48d895d50a2,2026-08-03T09:40:00,under_investigation,regulator_only
1f515158-6986-437e-96e0-75a8119b8c38,7739e9ec-bcb6-419f-a00b-298a4da29a66,report_photo_DW0138_9374.jpg,label_damage,Batch number partially rubbed off.,52f4426fefb6f5dc3bcfd7bd1c9c2c7d,2025-10-24T11:10:00,open,regulator_only
973dc4a3-fbcb-4cd1-8eb2-707e1b8cfc34,46f42839-08a7-4708-a461-52282c9b478c,report_photo_ZS0634_2741.jpg,label_damage,Batch number partially rubbed off.,796f2582365d9826c8fc2d9bc0b124d0,2025-10-18T19:03:00,under_investigation,regulator_only
c24f04a7-9b57-4fa0-b6da-a760c7c43dc0,d0fea4a3-fb1d-437c-9de5-51e20a579a15,report_photo_FM9184_9894.jpg,seal_tampering,Blister strip looked resealed.,27bf636414e4c396530fcd2367fa59c9,2025-12-11T17:08:00,confirmed,regulator_only
a13ea920-a413-4d74-bb29-2fd23b6ddd91,ee5f2315-765f-45ba-a54b-6acb70a98589,report_photo_LOT24A779_7975.jpg,suspected_counterfeit,QR code area looks re-printed / glued on.,df4156afc6d2f4d2b4f9c5cd45e1a079,2025-11-24T21:37:00,under_investigation,regulator_only
31463c2c-be66-4f5a-9e2b-4ad244077c43,8d81b542-27b4-420a-bfbf-6d50d997ba37,report_photo_GK0733_9825.jpg,suspected_nsq_batch,Batch number matches a number I saw on a news report about a recall.,0f4e7c7a26e8a5651d2127835c8af9c7,2026-06-11T10:53:00,under_investigation,regulator_only
8a547f8b-513f-43b7-b3f2-ed9b022d1b17,a1d15b7e-2e40-4801-b7bc-bc9b500506f9,report_photo_TX6690_4842.jpg,suspected_nsq_batch,Batch number matches a number I saw on a news report about a recall.,bc66bd20ae78ce5f646fbd8073f5e3a3,2025-11-09T09:17:00,open,regulator_only
a68d3198-560b-4172-b5a0-f276ebfbaa19,00f77458-0e64-429a-8bc4-95d0a0a93503,report_photo_LOT24D875_7115.jpg,label_damage,Expiry date smudged and unreadable.,77a221477abb23e8f84b4dd32fb50f5e,2025-11-25T16:11:00,open,regulator_only
552d03fa-201b-41ec-865a-895e37ff3887,024d5fac-5adc-416c-9f79-10e541a96681,report_photo_AX2291_1942.jpg,label_damage,Expiry date smudged and unreadable.,0e3267d36ace7e7eb6a3d9f4869e88d0,2026-04-14T07:50:00,open,regulator_only
752b0123-d68e-4195-b68b-16af42612f84,31a8ebaf-eff6-4a94-89f6-41e3d813df67,report_photo_FM9184_7624.jpg,expiry_concern,Pack found on shelf well past printed expiry.,ffcc8b2be4f61ce8aac774dfe48b8bf4,2025-09-22T10:47:00,open,regulator_only
e36c2d2e-2f34-4f14-a595-de9a36c630c9,1ce7a382-a7a9-4876-8e73-9d262fe4458e,report_photo_PT8813_4287.jpg,suspected_nsq_batch,Batch number matches a number I saw on a news report about a recall.,d31000553c08aae857314ff60898f01a,2026-01-07T16:29:00,under_investigation,regulator_only
5c5c4c1f-8ffa-4f20-bbb5-457bce4ba6d4,cd9da78a-5183-4fbe-a0ef-4d14e8836c6f,report_photo_AX2291_6196.jpg,seal_tampering,Outer seal was broken on purchase.,df36a1a76c82cf0ae8d49fa436a7ab84,2026-07-06T09:37:00,open,regulator_only
7054f7f2-f91e-42cc-86c9-d8ffddb0902c,e04f3b78-1ab1-4a0b-8d1a-9f3dc258f213,report_photo_CJ9539_5559.jpg,suspected_nsq_batch,Batch number matches a number I saw on a news report about a recall.,e698cb2be1e17f329bfffac638ce7248,2025-12-25T08:23:00,dismissed,regulator_only
e02a9c18-6362-4935-a3a5-d149a89ec4ce,f1bc6ecf-3633-4231-a67e-90a0e6cb0ae3,report_photo_HW4868_1427.jpg,label_damage,Expiry date smudged and unreadable.,acd1da9cfda1e8d2091663383777dc81,2026-07-30T09:55:00,open,regulator_only
8e64adb7-524c-4bdc-9a62-254e038e5a0a,1b21061f-6271-4600-a290-a274dede6b19,report_photo_FM9184_5767.jpg,expiry_concern,Pack found on shelf well past printed expiry.,d34ccc78e3343fc93cf517e0f9273396,2025-11-14T15:06:00,dismissed,regulator_only
7d9c226c-b8d0-4310-a3f8-f41941aecf5d,a8e61374-75ed-4c41-87b0-aa03ed2a5e32,report_photo_AX2291_9325.jpg,suspected_nsq_batch,Batch number matches a number I saw on a news report about a recall.,1bf62ace8b00dbe383a755c8d2c86467,2026-09-16T17:36:00,dismissed,regulator_only
22e46996-4946-49f7-964e-97f50835a7fb,6a302495-4887-49d2-8d12-e00ee156a8b1,report_photo_LOT26D648_5225.jpg,expiry_concern,Pack found on shelf well past printed expiry.,67a59a542cb1212e40f97d8691f73bbb,2026-06-10T09:16:00,confirmed,regulator_only
6d57f451-275e-4941-9269-6966a2bd609b,61b826c1-aa6c-467b-8602-df7e94760c25,report_photo_PT8813_7810.jpg,label_damage,Expiry date smudged and unreadable.,ab7e124a1a5b27c828ff603c109bea29,2025-11-21T19:41:00,open,regulator_only
5baaa43f-29df-4d3d-bf91-dfc42ca6531f,b3c87180-611f-47ae-8a41-4817ed497416,report_photo_TX6690_7028.jpg,expiry_concern,Pharmacist sold an expired-looking pack.,fc1a0a98f3becca1ad4a1ff134469011,2025-11-06T21:01:00,open,regulator_only
e267fae2-8e94-486f-993a-0a3f2887fda3,ce720009-c05b-4498-8c80-f9aa9f5ff2e5,report_photo_PT8813_9125.jpg,expiry_concern,Pack found on shelf well past printed expiry.,85085bd52c87803710dd55130e7ab356,2026-03-25T09:13:00,confirmed,regulator_only
a849c62b-f23c-4463-8e4b-3844d77fe49b,7095426c-89c4-4f6b-bc04-d37d947281b9,report_photo_FM9184_9293.jpg,expiry_concern,Pack found on shelf well past printed expiry.,adaedb0cf3fcb77b80c95c3401834cc5,2026-08-28T17:32:00,open,regulator_only
7ad530a9-f241-4f31-b2e7-9cd3ab59d25b,3fe11a2a-6db4-4e2e-82c4-9533341ae906,report_photo_LOT26C307_2685.jpg,label_damage,Expiry date smudged and unreadable.,fe38270628616645b9ff8a2b9a770ce7,2026-04-02T13:51:00,under_investigation,regulator_only
3a828a5e-bd7b-4581-b9bd-e786bbf19cf6,f9b05c23-7f8c-4a47-bae4-0236955636d4,report_photo_AG4771_6802.jpg,label_damage,Batch number partially rubbed off.,94a5c3135d0edb2a4bc2ad57805af78d,2025-11-04T09:52:00,open,regulator_only
94ab6a05-17da-4846-b838-8a08dfc6290c,0c2373e8-8bd6-4818-baca-517430ed7054,report_photo_LOT26B872_1475.jpg,seal_tampering,Blister strip looked resealed.,5de533c5276042eb719850c16d3706e8,2025-09-25T15:17:00,confirmed,regulator_only
8d4798d3-968c-494e-a32a-e4df8c5814d3,a72971ac-03f2-4d37-b86c-de7f9095670b,report_photo_FM9184_6988.jpg,suspected_nsq_batch,Batch number matches a number I saw on a news report about a recall.,79d616cfcfcbd39abb04cf9e4dff479a,2026-03-30T17:28:00,dismissed,regulator_only
56025b75-af7e-4bd4-aa49-49b598555718,2a377efc-78cf-4bb3-bc85-326bc005f940,report_photo_FM9184_5079.jpg,seal_tampering,Outer seal was broken on purchase.,9c7384f7ab34c23bf77f70fc7a8f6883,2025-10-04T17:46:00,confirmed,regulator_only
5490dc21-27d2-4490-915e-1f27a1275c0b,8d4817e6-1361-478b-bacb-54235ac62e77,report_photo_HC9324_4738.jpg,seal_tampering,Outer seal was broken on purchase.,c8e26e3f60380bb042ddeb32ae454647,2026-01-10T08:51:00,under_investigation,regulator_only
50d0fb6e-589b-4285-9ad6-07a89a0398be,1d8d411f-ac37-4082-ab21-1f281bec026e,report_photo_AX2291_1325.jpg,suspected_counterfeit,Print quality looks different from the usual pack.,7c0a6e991b6824118ce334837f601354,2026-07-25T17:13:00,dismissed,regulator_only
f4df8669-3603-48ee-9dc7-2627dca5bcea,e778afb5-18a8-470f-ad94-1735c18ce296,report_photo_TX6690_7284.jpg,suspected_nsq_batch,Batch number matches a number I saw on a news report about a recall.,d4d1cffd5c00483dc0e46b1e71f846cb,2025-10-19T07:54:00,dismissed,regulator_only
7f60d0fb-bdd5-4b10-a2a3-8d2e3c19bea3,ade66686-b89c-4183-877a-2866833b38eb,report_photo_AX2291_2306.jpg,label_damage,Expiry date smudged and unreadable.,dc04fc6d0d9e1fccc01b74c643b01709,2026-09-04T18:23:00,open,regulator_only
3c23a33a-573a-4a6e-83fa-e0615466bda7,c71e5d37-37bb-4960-b44f-a5435849b04e,report_photo_FM9184_2646.jpg,suspected_nsq_batch,Batch number matches a number I saw on a news report about a recall.,74e0af37d6287b5256afe01ed9434b75,2026-03-26T17:38:00,open,regulator_only
9bcfd7cc-87d1-4fd2-b5fa-55cee8da6809,917017e7-b78a-4ed4-9cd8-e72484cbb880,report_photo_LOT25G919_8924.jpg,expiry_concern,Pharmacist sold an expired-looking pack.,d3187c08076c744c1259fe4bed7c7525,2026-06-04T07:32:00,open,regulator_only
a692114d-1392-464f-881c-6721b490ba35,ecf61df2-c43f-41bd-8394-cedc54e5deca,report_photo_FM9184_1708.jpg,expiry_concern,Pharmacist sold an expired-looking pack.,d503e6abe43d3ef6a45478f93cf5fccd,2026-09-09T20:46:00,under_investigation,regulator_only
474d2603-f2e2-4771-a9c1-b2950856f597,decc13ac-b115-4ec9-beaf-0231ae542c5d,report_photo_AX2291_4013.jpg,expiry_concern,Pharmacist sold an expired-looking pack.,1720412795697ab0c17565a8ab8168ad,2025-11-21T18:23:00,open,regulator_only
0159c897-3747-4f93-8082-f82cc128949d,143c9d1e-8175-4622-8dd4-e70a3e369c45,report_photo_TX6690_2729.jpg,suspected_nsq_batch,Batch number matches a number I saw on a news report about a recall.,8c361339745b399ed99d2db50a18b8c1,2026-01-26T18:25:00,confirmed,regulator_only
53c00464-ca61-4505-9799-3b5ad9dd7b6a,cbcde265-4256-4105-af1f-22c439fabaab,report_photo_CB2775_1060.jpg,label_damage,Batch number partially rubbed off.,44baac153c8ea2d6fa13d3d6469f9221,2026-02-22T11:57:00,open,regulator_only
5c72fa47-e45f-4d8c-b2cb-96d647fd6195,4fa9b697-4344-48a1-ba3a-9a2c4253eeb7,report_photo_PT8813_4367.jpg,suspected_counterfeit,QR code area looks re-printed / glued on.,833d63623d2ea89e340d2c069157efd0,2026-02-26T17:24:00,dismissed,regulator_only
1cc1ca9d-06fb-4d47-bee9-faabf30165eb,185c778a-56d4-40bd-b083-4f9b5b3e3360,report_photo_FM9184_5532.jpg,suspected_counterfeit,QR code area looks re-printed / glued on.,d34214229497f19e4f63782b8caed9ed,2026-04-07T07:18:00,dismissed,regulator_only
f0a00b37-0095-44d4-ada8-10d840d1c071,e031a650-4a2f-4007-ab65-629a764bdccf,report_photo_TX6690_7362.jpg,suspected_counterfeit,QR code area looks re-printed / glued on.,6be50ed55fc416e41ecca8af2fc9fdad,2026-05-19T17:23:00,under_investigation,regulator_only
07502408-c12b-4cbf-bd4f-6863876b3cde,1bd5a11a-23d0-40a2-ac17-97cc569da85a,report_photo_AX2291_8641.jpg,seal_tampering,Blister strip looked resealed.,350dce87b00b73b8af7db4fc8edc83fa,2026-01-29T19:07:00,open,regulator_only
eb59b953-ea85-4ba7-9f7d-800757861158,2a5c4e31-69a1-4843-ae1b-189df5f11ac1,report_photo_TX6690_9754.jpg,label_damage,Expiry date smudged and unreadable.,2d2be4f7cced5867eee631c2ffb4790a,2025-12-06T08:21:00,under_investigation,regulator_only
300041d1-1b93-4370-b923-03283443524f,36a18269-5e03-4063-9dc8-a38bb5cdfbb4,report_photo_LOT25G409_2307.jpg,suspected_nsq_batch,Batch number matches a number I saw on a news report about a recall.,1d99c4a0cef6589618ae15a63f0a4eb5,2026-05-27T07:53:00,confirmed,regulator_only
3f9ec243-d457-453b-bdd0-de919d347fde,79cb9905-a4b2-40e6-b82c-875318c88fb3,report_photo_TX6690_7750.jpg,suspected_nsq_batch,Batch number matches a number I saw on a news report about a recall.,cb3be323f1ffacff8dddb72b93ffff84,2026-02-14T15:21:00,open,regulator_only
e6bbfbec-17c5-4b82-86da-346b2d6d13bb,0735d816-adfa-42d5-8e7c-712c2942a50f,report_photo_AX2291_6773.jpg,expiry_concern,Pharmacist sold an expired-looking pack.,f005f0060f2fa119e649dd63a8a4abf0,2026-02-13T14:45:00,under_investigation,regulator_only
91bb226d-848a-4c23-b0a6-f3e50fc6e830,8f480d57-891f-4e14-9f54-9a3e847568cf,report_photo_26066510_7500.jpg,expiry_concern,Pack found on shelf well past printed expiry.,58786be82bae9e121b47579455b5e7a3,2026-02-23T09:19:00,confirmed,regulator_only
